config_id,class,config_json,input_kind,input_shapes,input_dtypes,macs,bytes_moved,t_eff,seq_len,window_s,N_calls,t_per_call_ms,P_mean_W,P_delta_W,baseline_interp_W,P_delta_ABAB_W,E_per_call_mJ,temp_start_C,temp_end_C,freq_start_MHz,freq_end_MHz,samples_used,SKIPPED,skip_reason,error
9cdad4ecc7ebcdf4,Conv2d,"{""class"": ""Conv2d"", ""dilation"": [1, 1], ""groups"": 1, ""has_bias"": false, ""in_channels"": 3, ""kernel_size"": [3, 3], ""out_channels"": 16, ""padding"": [1, 1], ""stride"": [2, 2]}","{'args': [{'k': 'tensor', 'shape': [1, 3, 640, 640], 'dtype': 'torch.float32', 'value': 'empty', 'bytes': 4915200}], 'kwargs': {}}","[[1, 3, 640, 640]]","[""torch.float32""]",44236800,11470528,409600,409600,2.531,128,15.6659,4.504694,3.709294,0.844037,3.660657,58.1095,56.0,56.5,2100,1500,223,False,,
7324a73fccb9553a,BatchNorm2d,"{""class"": ""BatchNorm2d"", ""eps"": 0.001, ""has_bias"": true, ""momentum"": 0.01}","{'args': [{'k': 'tensor', 'shape': [1, 16, 320, 320], 'dtype': 'torch.float32', 'value': 'empty', 'bytes': 6553600}], 'kwargs': {}}","[[1, 16, 320, 320]]","[""torch.float32""]",3276800,13107328,102400,102400,2.533,1095,1.8275,5.019474,4.224073,0.812141,4.207332,7.719657,56.5,58.2,2300,1600,273,False,,
ad7709de89f502c8,Hardswish,"{""class"": ""Hardswish""}","{'args': [{'k': 'tensor', 'shape': [1, 16, 320, 320], 'dtype': 'torch.float32', 'value': 'empty', 'bytes': 6553600}], 'kwargs': {}}","[[1, 16, 320, 320]]","[""torch.float32""]",,13107200,1,1,2.525,1007,1.9869,4.153556,3.358155,0.831553,3.322002,6.672313,57.6,57.6,1600,1600,237,False,,
2111f98fc6ac0c2a,Conv2d,"{""class"": ""Conv2d"", ""dilation"": [1, 1], ""groups"": 16, ""has_bias"": false, ""in_channels"": 16, ""kernel_size"": [3, 3], ""out_channels"": 16, ""padding"": [1, 1], ""stride"": [2, 2]}","{'args': [{'k': 'tensor', 'shape': [1, 16, 320, 320], 'dtype': 'torch.float32', 'value': 'empty', 'bytes': 6553600}], 'kwargs': {}}","[[1, 16, 320, 320]]","[""torch.float32""]",3686400,8192576,102400,102400,2.526,282,7.0929,4.407075,3.611674,0.849562,3.557513,25.617154,58.2,57.1,1600,1500,248,False,,
77b302f5cfa9f3aa,BatchNorm2d,"{""class"": ""BatchNorm2d"", ""eps"": 0.001, ""has_bias"": true, ""momentum"": 0.01}","{'args': [{'k': 'tensor', 'shape': [1, 16, 160, 160], 'dtype': 'torch.float32', 'value': 'empty', 'bytes': 1638400}], 'kwargs': {}}","[[1, 16, 160, 160]]","[""torch.float32""]",819200,3276928,25600,25600,2.525,8081,0.2475,5.373024,4.577623,0.843633,4.529391,1.132958,57.6,59.3,1500,1500,315,False,,
9b7114bddeeb3e37,ReLU,"{""class"": ""ReLU""}","{'args': [{'k': 'tensor', 'shape': [1, 16, 160, 160], 'dtype': 'torch.float32', 'value': 'empty', 'bytes': 1638400}], 'kwargs': {}}","[[1, 16, 160, 160]]","[""torch.float32""]",409600,3276800,1,1,2.526,7230,0.2766,4.499336,3.703936,0.852838,3.646498,1.024604,58.7,58.2,1700,1500,295,False,,
55ca95d4bafe2865,AdaptiveAvgPool2d,"{""class"": ""AdaptiveAvgPool2d""}","{'args': [{'k': 'tensor', 'shape': [1, 16, 160, 160], 'dtype': 'torch.float32', 'value': 'empty', 'bytes': 1638400}], 'kwargs': {}}","[[1, 16, 160, 160]]","[""torch.float32""]",,1638464,1,1,2.534,10417,0.192,4.850002,4.054602,0.837987,4.012015,0.778482,57.6,57.6,1700,1700,316,False,,
131676a322013376,Conv2d,"{""class"": ""Conv2d"", ""dilation"": [1, 1], ""groups"": 1, ""has_bias"": true, ""in_channels"": 16, ""kernel_size"": [1, 1], ""out_channels"": 8, ""padding"": [0, 0], ""stride"": [1, 1]}","{'args': [{'k': 'tensor', 'shape': [1, 16, 1, 1], 'dtype': 'torch.float32', 'value': 'empty', 'bytes': 64}], 'kwargs': {}}","[[1, 16, 1, 1]]","[""torch.float32""]",128,640,1,1,2.526,34085,0.0587,2.705241,1.90984,0.804969,1.900272,0.112063,57.6,56.5,1500,1500,461,False,,
d37228b847036d67,Conv2d,"{""class"": ""Conv2d"", ""dilation"": [1, 1], ""groups"": 1, ""has_bias"": true, ""in_channels"": 8, ""kernel_size"": [1, 1], ""out_channels"": 16, ""padding"": [0, 0], ""stride"": [1, 1]}","{'args': [{'k': 'tensor', 'shape': [1, 8, 1, 1], 'dtype': 'torch.float32', 'value': 'empty', 'bytes': 32}], 'kwargs': {}}","[[1, 8, 1, 1]]","[""torch.float32""]",128,672,1,1,2.532,34203,0.0585,2.673885,1.878484,0.779109,1.894776,0.109843,56.0,54.9,1700,1600,446,False,,
83382b3ba47f06c9,ReLU,"{""class"": ""ReLU""}","{'args': [{'k': 'tensor', 'shape': [1, 8, 1, 1], 'dtype': 'torch.float32', 'value': 'empty', 'bytes': 32}], 'kwargs': {}}","[[1, 8, 1, 1]]","[""torch.float32""]",8,64,1,1,2.531,45948,0.0435,2.587009,1.791608,0.7945,1.792508,0.077985,56.5,56.0,1700,1600,414,False,,
786d093d5dcbc5ae,Hardsigmoid,"{""class"": ""Hardsigmoid""}","{'args': [{'k': 'tensor', 'shape': [1, 16, 1, 1], 'dtype': 'torch.float32', 'value': 'empty', 'bytes': 64}], 'kwargs': {}}","[[1, 16, 1, 1]]","[""torch.float32""]",,128,1,1,2.531,77214,0.0259,2.619702,1.824301,0.798079,1.821624,0.047253,54.3,54.3,1600,1500,437,False,,
20401acfb428c38b,Conv2d,"{""class"": ""Conv2d"", ""dilation"": [1, 1], ""groups"": 1, ""has_bias"": false, ""in_channels"": 16, ""kernel_size"": [1, 1], ""out_channels"": 16, ""padding"": [0, 0], ""stride"": [1, 1]}","{'args': [{'k': 'tensor', 'shape': [1, 16, 160, 160], 'dtype': 'torch.float32', 'value': 'empty', 'bytes': 1638400}], 'kwargs': {}}","[[1, 16, 160, 160]]","[""torch.float32""]",6553600,3277824,25600,25600,2.53,623,3.2125,4.461707,3.666307,0.822617,3.639091,11.778079,55.4,55.4,2400,1500,294,False,,
b3bffb06c687fef8,Conv2d,"{""class"": ""Conv2d"", ""dilation"": [1, 1], ""groups"": 1, ""has_bias"": false, ""in_channels"": 16, ""kernel_size"": [1, 1], ""out_channels"": 72, ""padding"": [0, 0], ""stride"": [1, 1]}","{'args': [{'k': 'tensor', 'shape': [1, 16, 160, 160], 'dtype': 'torch.float32', 'value': 'empty', 'bytes': 1638400}], 'kwargs': {}}","[[1, 16, 160, 160]]","[""torch.float32""]",29491200,9015808,25600,25600,2.542,95,21.2039,4.123772,3.328371,0.852965,3.270806,70.57446,58.7,56.0,2400,1500,215,False,,
9df2b2a010eb423e,BatchNorm2d,"{""class"": ""BatchNorm2d"", ""eps"": 0.001, ""has_bias"": true, ""momentum"": 0.01}","{'args': [{'k': 'tensor', 'shape': [1, 72, 160, 160], 'dtype': 'torch.float32', 'value': 'empty', 'bytes': 7372800}], 'kwargs': {}}","[[1, 72, 160, 160]]","[""torch.float32""]",3686400,14746176,25600,25600,2.527,2081,0.9611,5.631396,4.835995,0.820121,4.811274,4.647773,57.1,59.3,1800,1500,309,False,,
9aac6fc70b31cf0f,ReLU,"{""class"": ""ReLU""}","{'args': [{'k': 'tensor', 'shape': [1, 72, 160, 160], 'dtype': 'torch.float32', 'value': 'empty', 'bytes': 7372800}], 'kwargs': {}}","[[1, 72, 160, 160]]","[""torch.float32""]",1843200,14745600,1,1,2.53,899,2.2257,3.841999,3.046598,0.850664,2.991335,6.780713,59.3,56.5,2400,1600,217,False,,
2220eb317a5ff53e,Conv2d,"{""class"": ""Conv2d"", ""dilation"": [1, 1], ""groups"": 72, ""has_bias"": false, ""in_channels"": 72, ""kernel_size"": [3, 3], ""out_channels"": 72, ""padding"": [1, 1], ""stride"": [2, 2]}","{'args': [{'k': 'tensor', 'shape': [1, 72, 160, 160], 'dtype': 'torch.float32', 'value': 'empty', 'bytes': 7372800}], 'kwargs': {}}","[[1, 72, 160, 160]]","[""torch.float32""]",4147200,9218592,25600,25600,2.529,264,7.5775,4.257407,3.462007,0.832714,3.424693,26.233345,57.6,57.1,2400,1500,266,False,,
c42ced1675e8d0f3,BatchNorm2d,"{""class"": ""BatchNorm2d"", ""eps"": 0.001, ""has_bias"": true, ""momentum"": 0.01}","{'args': [{'k': 'tensor', 'shape': [1, 72, 80, 80], 'dtype': 'torch.float32', 'value': 'empty', 'bytes': 1843200}], 'kwargs': {}}","[[1, 72, 80, 80]]","[""torch.float32""]",921600,3686976,6400,6400,2.528,7022,0.2848,5.49888,4.703479,0.833278,4.665602,1.339691,57.1,58.7,1500,1500,295,False,,
647fe81375015ff5,ReLU,"{""class"": ""ReLU""}","{'args': [{'k': 'tensor', 'shape': [1, 72, 80, 80], 'dtype': 'torch.float32', 'value': 'empty', 'bytes': 1843200}], 'kwargs': {}}","[[1, 72, 80, 80]]","[""torch.float32""]",460800,3686400,1,1,2.529,5612,0.3564,4.384457,3.589056,0.834692,3.549764,1.279262,58.2,57.6,1900,1500,292,False,,
4f153a53495aa496,Conv2d,"{""class"": ""Conv2d"", ""dilation"": [1, 1], ""groups"": 1, ""has_bias"": false, ""in_channels"": 72, ""kernel_size"": [1, 1], ""out_channels"": 24, ""padding"": [0, 0], ""stride"": [1, 1]}","{'args': [{'k': 'tensor', 'shape': [1, 72, 80, 80], 'dtype': 'torch.float32', 'value': 'empty', 'bytes': 1843200}], 'kwargs': {}}","[[1, 72, 80, 80]]","[""torch.float32""]",11059200,2464512,6400,6400,2.542,633,3.1624,4.1141,3.318699,0.856796,3.257304,10.494968,57.6,57.1,2400,1800,314,False,,
efef99e242d563ec,BatchNorm2d,"{""class"": ""BatchNorm2d"", ""eps"": 0.001, ""has_bias"": true, ""momentum"": 0.01}","{'args': [{'k': 'tensor', 'shape': [1, 24, 80, 80], 'dtype': 'torch.float32', 'value': 'empty', 'bytes': 614400}], 'kwargs': {}}","[[1, 24, 80, 80]]","[""torch.float32""]",307200,1228992,6400,6400,2.531,14346,0.1394,4.885105,4.089704,0.846265,4.03884,0.570156,57.6,57.1,1500,1800,336,False,,
688c62b9be71315f,Conv2d,"{""class"": ""Conv2d"", ""dilation"": [1, 1], ""groups"": 1, ""has_bias"": false, ""in_channels"": 24, ""kernel_size"": [1, 1], ""out_channels"": 88, ""padding"": [0, 0], ""stride"": [1, 1]}","{'args': [{'k': 'tensor', 'shape': [1, 24, 80, 80], 'dtype': 'torch.float32', 'value': 'empty', 'bytes': 614400}], 'kwargs': {}}","[[1, 24, 80, 80]]","[""torch.float32""]",13516800,2875648,6400,6400,2.532,444,4.5049,4.00679,3.211389,0.84163,3.16516,14.467013,58.2,58.7,2400,1800,289,False,,
2fa44d4450b34882,BatchNorm2d,"{""class"": ""BatchNorm2d"", ""eps"": 0.001, ""has_bias"": true, ""momentum"": 0.01}","{'args': [{'k': 'tensor', 'shape': [1, 88, 80, 80], 'dtype': 'torch.float32', 'value': 'empty', 'bytes': 2252800}], 'kwargs': {}}","[[1, 88, 80, 80]]","[""torch.float32""]",1126400,4506304,6400,6400,2.532,5752,0.3477,5.299706,4.504305,0.837532,4.462174,1.566337,57.6,58.2,1700,1900,290,False,,
7b3957fc9c64084f,ReLU,"{""class"": ""ReLU""}","{'args': [{'k': 'tensor', 'shape': [1, 88, 80, 80], 'dtype': 'torch.float32', 'value': 'empty', 'bytes': 2252800}], 'kwargs': {}}","[[1, 88, 80, 80]]","[""torch.float32""]",563200,4505600,1,1,2.532,4077,0.4906,4.351744,3.556343,0.812589,3.539154,1.74464,58.2,58.7,1700,1500,285,False,,
6037eae22452657b,Conv2d,"{""class"": ""Conv2d"", ""dilation"": [1, 1], ""groups"": 88, ""has_bias"": false, ""in_channels"": 88, ""kernel_size"": [3, 3], ""out_channels"": 88, ""padding"": [1, 1], ""stride"": [1, 1]}","{'args': [{'k': 'tensor', 'shape': [1, 88, 80, 80], 'dtype': 'torch.float32', 'value': 'empty', 'bytes': 2252800}], 'kwargs': {}}","[[1, 88, 80, 80]]","[""torch.float32""]",5068800,4508768,6400,6400,2.532,354,5.6505,4.040461,3.24506,0.834582,3.205878,18.336304,58.7,57.6,2100,1700,281,False,,
d34565d478a60ade,Conv2d,"{""class"": ""Conv2d"", ""dilation"": [1, 1], ""groups"": 1, ""has_bias"": false, ""in_channels"": 88, ""kernel_size"": [1, 1], ""out_channels"": 24, ""padding"": [0, 0], ""stride"": [1, 1]}","{'args': [{'k': 'tensor', 'shape': [1, 88, 80, 80], 'dtype': 'torch.float32', 'value': 'empty', 'bytes': 2252800}], 'kwargs': {}}","[[1, 88, 80, 80]]","[""torch.float32""]",13516800,2875648,6400,6400,2.534,689,2.9032,4.42938,3.63398,0.846659,3.582721,10.55029,57.1,57.6,2200,1800,304,False,,
ecf586b5f1999513,Conv2d,"{""class"": ""Conv2d"", ""dilation"": [1, 1], ""groups"": 1, ""has_bias"": false, ""in_channels"": 24, ""kernel_size"": [1, 1], ""out_channels"": 96, ""padding"": [0, 0], ""stride"": [1, 1]}","{'args': [{'k': 'tensor', 'shape': [1, 24, 80, 80], 'dtype': 'torch.float32', 'value': 'empty', 'bytes': 614400}], 'kwargs': {}}","[[1, 24, 80, 80]]","[""torch.float32""]",14745600,3081216,6400,6400,2.538,451,4.4445,3.897028,3.101628,0.825364,3.071665,13.785044,59.3,57.1,2400,1900,283,False,,
dd29d2dd428813bf,BatchNorm2d,"{""class"": ""BatchNorm2d"", ""eps"": 0.001, ""has_bias"": true, ""momentum"": 0.01}","{'args': [{'k': 'tensor', 'shape': [1, 96, 80, 80], 'dtype': 'torch.float32', 'value': 'empty', 'bytes': 2457600}], 'kwargs': {}}","[[1, 96, 80, 80]]","[""torch.float32""]",1228800,4915968,6400,6400,2.534,6078,0.3291,5.506328,4.710927,0.847855,4.658473,1.550314,57.1,57.6,1500,1900,300,False,,
827e9bc52fc9e903,Hardswish,"{""class"": ""Hardswish""}","{'args': [{'k': 'tensor', 'shape': [1, 96, 80, 80], 'dtype': 'torch.float32', 'value': 'empty', 'bytes': 2457600}], 'kwargs': {}}","[[1, 96, 80, 80]]","[""torch.float32""]",,4915200,1,1,2.533,3496,0.5721,4.569314,3.773913,0.865706,3.703608,2.15899,58.7,58.2,1900,1800,290,False,,
db888f4d69665d68,Conv2d,"{""class"": ""Conv2d"", ""dilation"": [1, 1], ""groups"": 96, ""has_bias"": false, ""in_channels"": 96, ""kernel_size"": [5, 5], ""out_channels"": 96, ""padding"": [2, 2], ""stride"": [2, 2]}","{'args': [{'k': 'tensor', 'shape': [1, 96, 80, 80], 'dtype': 'torch.float32', 'value': 'empty', 'bytes': 2457600}], 'kwargs': {}}","[[1, 96, 80, 80]]","[""torch.float32""]",3840000,3081600,6400,6400,2.532,700,2.8587,4.055805,3.260404,0.81854,3.237265,9.32068,58.7,58.7,2100,1800,314,False,,
d3a1c9287fdd2868,BatchNorm2d,"{""class"": ""BatchNorm2d"", ""eps"": 0.001, ""has_bias"": true, ""momentum"": 0.01}","{'args': [{'k': 'tensor', 'shape': [1, 96, 40, 40], 'dtype': 'torch.float32', 'value': 'empty', 'bytes': 614400}], 'kwargs': {}}","[[1, 96, 40, 40]]","[""torch.float32""]",307200,1229568,1600,1600,2.536,15263,0.131,5.02969,4.234289,0.824682,4.205008,0.554855,58.2,58.2,1800,1900,321,False,,
7538d65ec1b451ca,Hardswish,"{""class"": ""Hardswish""}","{'args': [{'k': 'tensor', 'shape': [1, 96, 40, 40], 'dtype': 'torch.float32', 'value': 'empty', 'bytes': 614400}], 'kwargs': {}}","[[1, 96, 40, 40]]","[""torch.float32""]",,1228800,1,1,2.535,21044,0.095,4.871381,4.075981,0.830353,4.041028,0.387379,58.2,57.6,1600,1700,336,False,,
d1fb210e4d8f2d21,AdaptiveAvgPool2d,"{""class"": ""AdaptiveAvgPool2d""}","{'args': [{'k': 'tensor', 'shape': [1, 96, 40, 40], 'dtype': 'torch.float32', 'value': 'empty', 'bytes': 614400}], 'kwargs': {}}","[[1, 96, 40, 40]]","[""torch.float32""]",,614784,1,1,2.532,21055,0.095,4.825107,4.029707,0.858125,3.966982,0.38278,58.7,58.7,1700,2000,326,False,,
74f1ce806b4c5f04,Conv2d,"{""class"": ""Conv2d"", ""dilation"": [1, 1], ""groups"": 1, ""has_bias"": true, ""in_channels"": 96, ""kernel_size"": [1, 1], ""out_channels"": 24, ""padding"": [0, 0], ""stride"": [1, 1]}","{'args': [{'k': 'tensor', 'shape': [1, 96, 1, 1], 'dtype': 'torch.float32', 'value': 'empty', 'bytes': 384}], 'kwargs': {}}","[[1, 96, 1, 1]]","[""torch.float32""]",2304,9792,1,1,2.534,33261,0.0601,2.7343,1.9389,0.832608,1.901692,0.116586,59.3,56.0,2000,2000,458,False,,
30d77d53845d3df8,Conv2d,"{""class"": ""Conv2d"", ""dilation"": [1, 1], ""groups"": 1, ""has_bias"": true, ""in_channels"": 24, ""kernel_size"": [1, 1], ""out_channels"": 96, ""padding"": [0, 0], ""stride"": [1, 1]}","{'args': [{'k': 'tensor', 'shape': [1, 24, 1, 1], 'dtype': 'torch.float32', 'value': 'empty', 'bytes': 96}], 'kwargs': {}}","[[1, 24, 1, 1]]","[""torch.float32""]",2304,10080,1,1,2.536,33358,0.06,2.710026,1.914625,0.800507,1.909519,0.114793,56.0,57.1,1600,2000,455,False,,
c9e60b882ff2bca1,ReLU,"{""class"": ""ReLU""}","{'args': [{'k': 'tensor', 'shape': [1, 24, 1, 1], 'dtype': 'torch.float32', 'value': 'empty', 'bytes': 96}], 'kwargs': {}}","[[1, 24, 1, 1]]","[""torch.float32""]",24,192,1,1,2.535,45781,0.0437,2.591073,1.795672,0.791598,1.799475,0.078445,55.4,55.4,1600,2100,413,False,,
079668efb2bac06c,Hardsigmoid,"{""class"": ""Hardsigmoid""}","{'args': [{'k': 'tensor', 'shape': [1, 96, 1, 1], 'dtype': 'torch.float32', 'value': 'empty', 'bytes': 384}], 'kwargs': {}}","[[1, 96, 1, 1]]","[""torch.float32""]",,768,1,1,2.532,77319,0.0259,2.586811,1.79141,0.792141,1.79467,0.046337,55.4,54.3,1500,2000,414,False,,
6dc2daeac6fde83c,Conv2d,"{""class"": ""Conv2d"", ""dilation"": [1, 1], ""groups"": 1, ""has_bias"": false, ""in_channels"": 96, ""kernel_size"": [1, 1], ""out_channels"": 40, ""padding"": [0, 0], ""stride"": [1, 1]}","{'args': [{'k': 'tensor', 'shape': [1, 96, 40, 40], 'dtype': 'torch.float32', 'value': 'empty', 'bytes': 614400}], 'kwargs': {}}","[[1, 96, 40, 40]]","[""torch.float32""]",6144000,885760,1600,1600,2.536,3309,0.6045,5.173199,4.377798,0.767058,4.406141,2.646453,53.8,57.1,2000,2000,304,False,,
5ac5be9b85e97f40,BatchNorm2d,"{""class"": ""BatchNorm2d"", ""eps"": 0.001, ""has_bias"": true, ""momentum"": 0.01}","{'args': [{'k': 'tensor', 'shape': [1, 40, 40, 40], 'dtype': 'torch.float32', 'value': 'empty', 'bytes': 256000}], 'kwargs': {}}","[[1, 40, 40, 40]]","[""torch.float32""]",128000,512320,1600,1600,2.533,21943,0.0911,5.071816,4.276416,0.843894,4.227923,0.389771,56.5,57.1,1500,2000,315,False,,
f384b48289b1fa3a,Conv2d,"{""class"": ""Conv2d"", ""dilation"": [1, 1], ""groups"": 1, ""has_bias"": false, ""in_channels"": 40, ""kernel_size"": [1, 1], ""out_channels"": 240, ""padding"": [0, 0], ""stride"": [1, 1]}","{'args': [{'k': 'tensor', 'shape': [1, 40, 40, 40], 'dtype': 'torch.float32', 'value': 'empty', 'bytes': 256000}], 'kwargs': {}}","[[1, 40, 40, 40]]","[""torch.float32""]",15360000,1830400,1600,1600,2.536,956,2.0935,4.499106,3.703705,0.837229,3.661877,7.753852,57.1,58.2,2100,1900,301,False,,
669892f8064dc3f7,BatchNorm2d,"{""class"": ""BatchNorm2d"", ""eps"": 0.001, ""has_bias"": true, ""momentum"": 0.01}","{'args': [{'k': 'tensor', 'shape': [1, 240, 40, 40], 'dtype': 'torch.float32', 'value': 'empty', 'bytes': 1536000}], 'kwargs': {}}","[[1, 240, 40, 40]]","[""torch.float32""]",768000,3073920,1600,1600,2.532,7002,0.2856,5.330095,4.534695,0.856512,4.473583,1.295296,56.5,57.6,1900,1600,298,False,,
339d9b2eca04c6a5,Hardswish,"{""class"": ""Hardswish""}","{'args': [{'k': 'tensor', 'shape': [1, 240, 40, 40], 'dtype': 'torch.float32', 'value': 'empty', 'bytes': 1536000}], 'kwargs': {}}","[[1, 240, 40, 40]]","[""torch.float32""]",,3072000,1,1,2.535,10125,0.1975,5.426151,4.63075,0.852007,4.574143,0.914739,57.6,57.6,2000,1800,338,False,,
1fce3dab9ed83162,Conv2d,"{""class"": ""Conv2d"", ""dilation"": [1, 1], ""groups"": 240, ""has_bias"": false, ""in_channels"": 240, ""kernel_size"": [5, 5], ""out_channels"": 240, ""padding"": [2, 2], ""stride"": [1, 1]}","{'args': [{'k': 'tensor', 'shape': [1, 240, 40, 40], 'dtype': 'torch.float32', 'value': 'empty', 'bytes': 1536000}], 'kwargs': {}}","[[1, 240, 40, 40]]","[""torch.float32""]",9600000,3096000,1600,1600,2.534,594,3.3672,4.179605,3.384204,0.819481,3.360124,11.395388,58.2,57.1,2300,1900,298,False,,
3e0d655132d083f4,AdaptiveAvgPool2d,"{""class"": ""AdaptiveAvgPool2d""}","{'args': [{'k': 'tensor', 'shape': [1, 240, 40, 40], 'dtype': 'torch.float32', 'value': 'empty', 'bytes': 1536000}], 'kwargs': {}}","[[1, 240, 40, 40]]","[""torch.float32""]",,1536960,1,1,2.537,19282,0.1037,4.701991,3.90659,0.827084,3.874907,0.405202,57.1,57.6,1700,2000,370,False,,
f554427f42e6f694,Conv2d,"{""class"": ""Conv2d"", ""dilation"": [1, 1], ""groups"": 1, ""has_bias"": true, ""in_channels"": 240, ""kernel_size"": [1, 1], ""out_channels"": 64, ""padding"": [0, 0], ""stride"": [1, 1]}","{'args': [{'k': 'tensor', 'shape': [1, 240, 1, 1], 'dtype': 'torch.float32', 'value': 'empty', 'bytes': 960}], 'kwargs': {}}","[[1, 240, 1, 1]]","[""torch.float32""]",15360,62912,1,1,2.535,30595,0.0654,2.780196,1.984795,0.83503,1.945166,0.129745,57.1,56.0,1600,2000,461,False,,
9eccc18ff6d17887,Conv2d,"{""class"": ""Conv2d"", ""dilation"": [1, 1], ""groups"": 1, ""has_bias"": true, ""in_channels"": 64, ""kernel_size"": [1, 1], ""out_channels"": 240, ""padding"": [0, 0], ""stride"": [1, 1]}","{'args': [{'k': 'tensor', 'shape': [1, 64, 1, 1], 'dtype': 'torch.float32', 'value': 'empty', 'bytes': 256}], 'kwargs': {}}","[[1, 64, 1, 1]]","[""torch.float32""]",15360,63616,1,1,2.534,30696,0.0652,2.748668,1.953267,0.799368,1.9493,0.127279,56.0,56.0,1600,1500,439,False,,
a281f8ec82428316,ReLU,"{""class"": ""ReLU""}","{'args': [{'k': 'tensor', 'shape': [1, 64, 1, 1], 'dtype': 'torch.float32', 'value': 'empty', 'bytes': 256}], 'kwargs': {}}","[[1, 64, 1, 1]]","[""torch.float32""]",64,512,1,1,2.541,46073,0.0434,2.576919,1.781518,0.790533,1.786386,0.077334,54.9,54.3,2100,2000,409,False,,
c7d38d47a67bbe7b,Hardsigmoid,"{""class"": ""Hardsigmoid""}","{'args': [{'k': 'tensor', 'shape': [1, 240, 1, 1], 'dtype': 'torch.float32', 'value': 'empty', 'bytes': 960}], 'kwargs': {}}","[[1, 240, 1, 1]]","[""torch.float32""]",,1920,1,1,2.536,80501,0.0248,2.64559,1.850189,0.801989,1.843601,0.045966,54.3,54.3,1600,2100,463,False,,
e4d198a5ffd6136f,Conv2d,"{""class"": ""Conv2d"", ""dilation"": [1, 1], ""groups"": 1, ""has_bias"": false, ""in_channels"": 240, ""kernel_size"": [1, 1], ""out_channels"": 40, ""padding"": [0, 0], ""stride"": [1, 1]}","{'args': [{'k': 'tensor', 'shape': [1, 240, 40, 40], 'dtype': 'torch.float32', 'value': 'empty', 'bytes': 1536000}], 'kwargs': {}}","[[1, 240, 40, 40]]","[""torch.float32""]",15360000,1830400,1600,1600,2.536,1586,1.2614,4.733227,3.937826,0.820272,3.912955,4.967029,55.4,56.5,1700,1800,326,False,,
739bc8338374757e,Conv2d,"{""class"": ""Conv2d"", ""dilation"": [1, 1], ""groups"": 1, ""has_bias"": false, ""in_channels"": 40, ""kernel_size"": [1, 1], ""out_channels"": 120, ""padding"": [0, 0], ""stride"": [1, 1]}","{'args': [{'k': 'tensor', 'shape': [1, 40, 40, 40], 'dtype': 'torch.float32', 'value': 'empty', 'bytes': 256000}], 'kwargs': {}}","[[1, 40, 40, 40]]","[""torch.float32""]",7680000,1043200,1600,1600,2.539,1589,1.2593,4.6202,3.824799,0.806137,3.814063,4.816446,56.5,56.5,1600,2100,364,False,,
205ef96fed11e649,BatchNorm2d,"{""class"": ""BatchNorm2d"", ""eps"": 0.001, ""has_bias"": true, ""momentum"": 0.01}","{'args': [{'k': 'tensor', 'shape': [1, 120, 40, 40], 'dtype': 'torch.float32', 'value': 'empty', 'bytes': 768000}], 'kwargs': {}}","[[1, 120, 40, 40]]","[""torch.float32""]",384000,1536960,1600,1600,2.545,11177,0.1789,4.902854,4.107453,0.844073,4.058781,0.734973,57.6,57.1,1600,1900,307,False,,
080848f124853e37,Hardswish,"{""class"": ""Hardswish""}","{'args': [{'k': 'tensor', 'shape': [1, 120, 40, 40], 'dtype': 'torch.float32', 'value': 'empty', 'bytes': 768000}], 'kwargs': {}}","[[1, 120, 40, 40]]","[""torch.float32""]",,1536000,1,1,2.537,18225,0.1098,5.01264,4.217239,0.833378,4.179262,0.462871,56.5,57.6,1700,2100,376,False,,
06fa0afe0f942d9f,Conv2d,"{""class"": ""Conv2d"", ""dilation"": [1, 1], ""groups"": 120, ""has_bias"": false, ""in_channels"": 120, ""kernel_size"": [5, 5], ""out_channels"": 120, ""padding"": [2, 2], ""stride"": [1, 1]}","{'args': [{'k': 'tensor', 'shape': [1, 120, 40, 40], 'dtype': 'torch.float32', 'value': 'empty', 'bytes': 768000}], 'kwargs': {}}","[[1, 120, 40, 40]]","[""torch.float32""]",4800000,1548000,1600,1600,2.536,1142,1.7515,4.633031,3.837631,0.867134,3.765898,6.721732,57.1,56.5,1600,1600,336,False,,
a08f6eb849d19385,AdaptiveAvgPool2d,"{""class"": ""AdaptiveAvgPool2d""}","{'args': [{'k': 'tensor', 'shape': [1, 120, 40, 40], 'dtype': 'torch.float32', 'value': 'empty', 'bytes': 768000}], 'kwargs': {}}","[[1, 120, 40, 40]]","[""torch.float32""]",,768480,1,1,2.536,23128,0.0865,4.704373,3.908972,0.84681,3.857563,0.338038,56.5,57.1,2200,2200,325,False,,
4068f3cf73fb474f,Conv2d,"{""class"": ""Conv2d"", ""dilation"": [1, 1], ""groups"": 1, ""has_bias"": true, ""in_channels"": 120, ""kernel_size"": [1, 1], ""out_channels"": 32, ""padding"": [0, 0], ""stride"": [1, 1]}","{'args': [{'k': 'tensor', 'shape': [1, 120, 1, 1], 'dtype': 'torch.float32', 'value': 'empty', 'bytes': 480}], 'kwargs': {}}","[[1, 120, 1, 1]]","[""torch.float32""]",3840,16096,1,1,2.539,32923,0.0607,2.717097,1.921696,0.831351,1.885746,0.116738,57.1,56.0,2200,2300,455,False,,
575dd1e909f9fda0,Conv2d,"{""class"": ""Conv2d"", ""dilation"": [1, 1], ""groups"": 1, ""has_bias"": true, ""in_channels"": 32, ""kernel_size"": [1, 1], ""out_channels"": 120, ""padding"": [0, 0], ""stride"": [1, 1]}","{'args': [{'k': 'tensor', 'shape': [1, 32, 1, 1], 'dtype': 'torch.float32', 'value': 'empty', 'bytes': 128}], 'kwargs': {}}","[[1, 32, 1, 1]]","[""torch.float32""]",3840,16448,1,1,2.539,33126,0.0604,2.686858,1.891457,0.809977,1.876881,0.114199,56.0,54.9,1600,2200,449,False,,
81fad9ef4d460c68,ReLU,"{""class"": ""ReLU""}","{'args': [{'k': 'tensor', 'shape': [1, 32, 1, 1], 'dtype': 'torch.float32', 'value': 'empty', 'bytes': 128}], 'kwargs': {}}","[[1, 32, 1, 1]]","[""torch.float32""]",32,256,1,1,2.539,46123,0.0434,2.592225,1.796824,0.777515,1.81471,0.077914,54.3,54.3,1700,2000,410,False,,
914bb08ed0b2f7f5,Hardsigmoid,"{""class"": ""Hardsigmoid""}","{'args': [{'k': 'tensor', 'shape': [1, 120, 1, 1], 'dtype': 'torch.float32', 'value': 'empty', 'bytes': 480}], 'kwargs': {}}","[[1, 120, 1, 1]]","[""torch.float32""]",,960,1,1,2.544,79841,0.0251,2.645498,1.850098,0.78328,1.862218,0.046346,54.3,53.8,1600,2200,455,False,,
5e9d5c7792c8bf8f,Conv2d,"{""class"": ""Conv2d"", ""dilation"": [1, 1], ""groups"": 1, ""has_bias"": false, ""in_channels"": 120, ""kernel_size"": [1, 1], ""out_channels"": 48, ""padding"": [0, 0], ""stride"": [1, 1]}","{'args': [{'k': 'tensor', 'shape': [1, 120, 40, 40], 'dtype': 'torch.float32', 'value': 'empty', 'bytes': 768000}], 'kwargs': {}}","[[1, 120, 40, 40]]","[""torch.float32""]",9216000,1098240,1600,1600,2.541,3019,0.6625,5.215649,4.420248,0.805155,4.410494,2.928254,56.0,57.6,2100,1900,278,False,,
1e53caac89036695,BatchNorm2d,"{""class"": ""BatchNorm2d"", ""eps"": 0.001, ""has_bias"": true, ""momentum"": 0.01}","{'args': [{'k': 'tensor', 'shape': [1, 48, 40, 40], 'dtype': 'torch.float32', 'value': 'empty', 'bytes': 307200}], 'kwargs': {}}","[[1, 48, 40, 40]]","[""torch.float32""]",153600,614784,1600,1600,2.54,20560,0.0973,4.956053,4.160652,0.826041,4.130012,0.404732,57.6,56.5,1500,2300,323,False,,
b16093c11bf7107d,Conv2d,"{""class"": ""Conv2d"", ""dilation"": [1, 1], ""groups"": 1, ""has_bias"": false, ""in_channels"": 48, ""kernel_size"": [1, 1], ""out_channels"": 144, ""padding"": [0, 0], ""stride"": [1, 1]}","{'args': [{'k': 'tensor', 'shape': [1, 48, 40, 40], 'dtype': 'torch.float32', 'value': 'empty', 'bytes': 307200}], 'kwargs': {}}","[[1, 48, 40, 40]]","[""torch.float32""]",11059200,1256448,1600,1600,2.538,1631,1.2266,4.716246,3.920846,0.823924,3.892323,4.809284,57.1,57.1,2100,1700,312,False,,
646fd851b3672730,BatchNorm2d,"{""class"": ""BatchNorm2d"", ""eps"": 0.001, ""has_bias"": true, ""momentum"": 0.01}","{'args': [{'k': 'tensor', 'shape': [1, 144, 40, 40], 'dtype': 'torch.float32', 'value': 'empty', 'bytes': 921600}], 'kwargs': {}}","[[1, 144, 40, 40]]","[""torch.float32""]",460800,1844352,1600,1600,2.541,12673,0.1578,5.262158,4.466757,0.86312,4.399038,0.704914,57.6,58.2,2100,2300,303,False,,
3e4c9c7bcde34b12,Hardswish,"{""class"": ""Hardswish""}","{'args': [{'k': 'tensor', 'shape': [1, 144, 40, 40], 'dtype': 'torch.float32', 'value': 'empty', 'bytes': 921600}], 'kwargs': {}}","[[1, 144, 40, 40]]","[""torch.float32""]",,1843200,1,1,2.541,14803,0.1351,4.84178,4.046379,0.845503,3.996277,0.54683,57.6,57.6,1600,2100,366,False,,
6a92d12142b3c897,Conv2d,"{""class"": ""Conv2d"", ""dilation"": [1, 1], ""groups"": 144, ""has_bias"": false, ""in_channels"": 144, ""kernel_size"": [5, 5], ""out_channels"": 144, ""padding"": [2, 2], ""stride"": [1, 1]}","{'args': [{'k': 'tensor', 'shape': [1, 144, 40, 40], 'dtype': 'torch.float32', 'value': 'empty', 'bytes': 921600}], 'kwargs': {}}","[[1, 144, 40, 40]]","[""torch.float32""]",5760000,1857600,1600,1600,2.539,1039,1.9265,4.471966,3.676565,0.826213,3.645753,7.082831,57.6,57.1,2100,1700,305,False,,
53498630c7904090,AdaptiveAvgPool2d,"{""class"": ""AdaptiveAvgPool2d""}","{'args': [{'k': 'tensor', 'shape': [1, 144, 40, 40], 'dtype': 'torch.float32', 'value': 'empty', 'bytes': 921600}], 'kwargs': {}}","[[1, 144, 40, 40]]","[""torch.float32""]",,922176,1,1,2.54,17874,0.1119,4.421881,3.62648,0.838074,3.583807,0.40578,57.1,56.5,2200,2400,375,False,,
87f0cfe73e4d0320,Conv2d,"{""class"": ""Conv2d"", ""dilation"": [1, 1], ""groups"": 1, ""has_bias"": true, ""in_channels"": 144, ""kernel_size"": [1, 1], ""out_channels"": 40, ""padding"": [0, 0], ""stride"": [1, 1]}","{'args': [{'k': 'tensor', 'shape': [1, 144, 1, 1], 'dtype': 'torch.float32', 'value': 'empty', 'bytes': 576}], 'kwargs': {}}","[[1, 144, 1, 1]]","[""torch.float32""]",5760,23936,1,1,2.538,32501,0.0615,2.743358,1.947957,0.814592,1.928766,0.11987,58.2,55.4,1600,1700,473,False,,
e52c8a56900d3ad3,Conv2d,"{""class"": ""Conv2d"", ""dilation"": [1, 1], ""groups"": 1, ""has_bias"": true, ""in_channels"": 40, ""kernel_size"": [1, 1], ""out_channels"": 144, ""padding"": [0, 0], ""stride"": [1, 1]}","{'args': [{'k': 'tensor', 'shape': [1, 40, 1, 1], 'dtype': 'torch.float32', 'value': 'empty', 'bytes': 160}], 'kwargs': {}}","[[1, 40, 1, 1]]","[""torch.float32""]",5760,24352,1,1,2.538,32675,0.0612,2.717733,1.922333,0.817342,1.900391,0.117664,54.9,54.3,2000,1900,472,False,,
25e3094634615483,ReLU,"{""class"": ""ReLU""}","{'args': [{'k': 'tensor', 'shape': [1, 40, 1, 1], 'dtype': 'torch.float32', 'value': 'empty', 'bytes': 160}], 'kwargs': {}}","[[1, 40, 1, 1]]","[""torch.float32""]",40,320,1,1,2.542,45914,0.0436,2.577171,1.78177,0.785534,1.791637,0.07761,56.0,54.3,1700,2400,414,False,,
90111a9a699b5fbb,Hardsigmoid,"{""class"": ""Hardsigmoid""}","{'args': [{'k': 'tensor', 'shape': [1, 144, 1, 1], 'dtype': 'torch.float32', 'value': 'empty', 'bytes': 576}], 'kwargs': {}}","[[1, 144, 1, 1]]","[""torch.float32""]",,1152,1,1,2.541,79090,0.0253,2.622743,1.827342,0.788355,1.834387,0.046208,54.3,55.4,1600,1900,440,False,,
086213d2e4401d36,Conv2d,"{""class"": ""Conv2d"", ""dilation"": [1, 1], ""groups"": 1, ""has_bias"": false, ""in_channels"": 144, ""kernel_size"": [1, 1], ""out_channels"": 48, ""padding"": [0, 0], ""stride"": [1, 1]}","{'args': [{'k': 'tensor', 'shape': [1, 144, 40, 40], 'dtype': 'torch.float32', 'value': 'empty', 'bytes': 921600}], 'kwargs': {}}","[[1, 144, 40, 40]]","[""torch.float32""]",11059200,1256448,1600,1600,2.541,2781,0.7192,5.152322,4.356921,0.841957,4.310365,3.133607,54.3,57.1,1900,2000,262,False,,
455ed35d6132a044,Conv2d,"{""class"": ""Conv2d"", ""dilation"": [1, 1], ""groups"": 1, ""has_bias"": false, ""in_channels"": 48, ""kernel_size"": [1, 1], ""out_channels"": 288, ""padding"": [0, 0], ""stride"": [1, 1]}","{'args': [{'k': 'tensor', 'shape': [1, 48, 40, 40], 'dtype': 'torch.float32', 'value': 'empty', 'bytes': 307200}], 'kwargs': {}}","[[1, 48, 40, 40]]","[""torch.float32""]",22118400,2205696,1600,1600,2.541,767,2.6096,4.214085,3.418684,0.850859,3.363226,8.921354,56.5,57.6,2200,2000,307,False,,
dcafcf50e929a0ab,BatchNorm2d,"{""class"": ""BatchNorm2d"", ""eps"": 0.001, ""has_bias"": true, ""momentum"": 0.01}","{'args': [{'k': 'tensor', 'shape': [1, 288, 40, 40], 'dtype': 'torch.float32', 'value': 'empty', 'bytes': 1843200}], 'kwargs': {}}","[[1, 288, 40, 40]]","[""torch.float32""]",921600,3688704,1600,1600,2.539,7472,0.2677,5.593867,4.798466,0.835975,4.757892,1.284369,57.1,58.2,1800,1800,318,False,,
93f9140bb9d5e689,Hardswish,"{""class"": ""Hardswish""}","{'args': [{'k': 'tensor', 'shape': [1, 288, 40, 40], 'dtype': 'torch.float32', 'value': 'empty', 'bytes': 1843200}], 'kwargs': {}}","[[1, 288, 40, 40]]","[""torch.float32""]",,3686400,1,1,2.544,5819,0.3437,4.793994,3.998593,0.852,3.941994,1.374407,57.6,58.7,2200,2200,315,False,,
2c7a551f5ef235ce,Conv2d,"{""class"": ""Conv2d"", ""dilation"": [1, 1], ""groups"": 288, ""has_bias"": false, ""in_channels"": 288, ""kernel_size"": [5, 5], ""out_channels"": 288, ""padding"": [2, 2], ""stride"": [2, 2]}","{'args': [{'k': 'tensor', 'shape': [1, 288, 40, 40], 'dtype': 'torch.float32', 'value': 'empty', 'bytes': 1843200}], 'kwargs': {}}","[[1, 288, 40, 40]]","[""torch.float32""]",2880000,2332800,1600,1600,2.542,877,2.2819,4.282079,3.486678,0.837303,3.444777,7.95621,57.6,56.5,1900,2200,317,False,,
451889d76828c572,BatchNorm2d,"{""class"": ""BatchNorm2d"", ""eps"": 0.001, ""has_bias"": true, ""momentum"": 0.01}","{'args': [{'k': 'tensor', 'shape': [1, 288, 20, 20], 'dtype': 'torch.float32', 'value': 'empty', 'bytes': 460800}], 'kwargs': {}}","[[1, 288, 20, 20]]","[""torch.float32""]",230400,923904,400,400,2.543,15944,0.1254,5.026088,4.230687,0.853592,4.172496,0.530703,57.6,58.7,2200,2400,313,False,,
9b4c14b532edc2bd,Hardswish,"{""class"": ""Hardswish""}","{'args': [{'k': 'tensor', 'shape': [1, 288, 20, 20], 'dtype': 'torch.float32', 'value': 'empty', 'bytes': 460800}], 'kwargs': {}}","[[1, 288, 20, 20]]","[""torch.float32""]",,921600,1,1,2.542,25153,0.0795,4.970261,4.174861,0.829958,4.140303,0.331952,57.1,59.3,1600,2200,324,False,,
8f9a933f2c081d36,AdaptiveAvgPool2d,"{""class"": ""AdaptiveAvgPool2d""}","{'args': [{'k': 'tensor', 'shape': [1, 288, 20, 20], 'dtype': 'torch.float32', 'value': 'empty', 'bytes': 460800}], 'kwargs': {}}","[[1, 288, 20, 20]]","[""torch.float32""]",,461952,1,1,2.542,16263,0.123,4.36332,3.567919,0.953254,3.410065,0.438778,58.7,58.7,1800,2100,372,False,,
095da1c791aff674,Conv2d,"{""class"": ""Conv2d"", ""dilation"": [1, 1], ""groups"": 1, ""has_bias"": true, ""in_channels"": 288, ""kernel_size"": [1, 1], ""out_channels"": 72, ""padding"": [0, 0], ""stride"": [1, 1]}","{'args': [{'k': 'tensor', 'shape': [1, 288, 1, 1], 'dtype': 'torch.float32', 'value': 'empty', 'bytes': 1152}], 'kwargs': {}}","[[1, 288, 1, 1]]","[""torch.float32""]",20736,84672,1,1,2.543,29856,0.067,2.786694,1.991293,0.80361,1.983084,0.133394,57.1,56.5,1500,2400,456,False,,
b7b32ff7318455ba,Conv2d,"{""class"": ""Conv2d"", ""dilation"": [1, 1], ""groups"": 1, ""has_bias"": true, ""in_channels"": 72, ""kernel_size"": [1, 1], ""out_channels"": 288, ""padding"": [0, 0], ""stride"": [1, 1]}","{'args': [{'k': 'tensor', 'shape': [1, 72, 1, 1], 'dtype': 'torch.float32', 'value': 'empty', 'bytes': 288}], 'kwargs': {}}","[[1, 72, 1, 1]]","[""torch.float32""]",20736,85536,1,1,2.544,29863,0.067,2.774976,1.979575,0.784374,1.990602,0.132575,56.0,54.9,1600,2400,452,False,,
aa6953a433e1e1f0,ReLU,"{""class"": ""ReLU""}","{'args': [{'k': 'tensor', 'shape': [1, 72, 1, 1], 'dtype': 'torch.float32', 'value': 'empty', 'bytes': 288}], 'kwargs': {}}","[[1, 72, 1, 1]]","[""torch.float32""]",72,576,1,1,2.544,45510,0.0439,2.581571,1.78617,0.816887,1.764683,0.078494,54.9,54.3,1700,2400,414,False,,
b855fcf679447d74,Hardsigmoid,"{""class"": ""Hardsigmoid""}","{'args': [{'k': 'tensor', 'shape': [1, 288, 1, 1], 'dtype': 'torch.float32', 'value': 'empty', 'bytes': 1152}], 'kwargs': {}}","[[1, 288, 1, 1]]","[""torch.float32""]",,2304,1,1,2.545,76229,0.0262,2.60927,1.813869,0.814159,1.795111,0.047589,55.4,54.3,1600,2400,424,False,,
340fbc704061ed95,Conv2d,"{""class"": ""Conv2d"", ""dilation"": [1, 1], ""groups"": 1, ""has_bias"": false, ""in_channels"": 288, ""kernel_size"": [1, 1], ""out_channels"": 96, ""padding"": [0, 0], ""stride"": [1, 1]}","{'args': [{'k': 'tensor', 'shape': [1, 288, 20, 20], 'dtype': 'torch.float32', 'value': 'empty', 'bytes': 460800}], 'kwargs': {}}","[[1, 288, 20, 20]]","[""torch.float32""]",11059200,724992,400,400,2.544,3291,0.6077,5.744865,4.949464,0.812144,4.932722,3.007859,54.9,56.0,2200,2400,301,False,,
014aa7b3fe9712f8,BatchNorm2d,"{""class"": ""BatchNorm2d"", ""eps"": 0.001, ""has_bias"": true, ""momentum"": 0.01}","{'args': [{'k': 'tensor', 'shape': [1, 96, 20, 20], 'dtype': 'torch.float32', 'value': 'empty', 'bytes': 153600}], 'kwargs': {}}","[[1, 96, 20, 20]]","[""torch.float32""]",76800,307968,400,400,2.547,19515,0.1025,4.494249,3.698848,0.824461,3.669788,0.379083,56.5,57.1,1600,2200,359,False,,
d870b8e65c9b68c6,Conv2d,"{""class"": ""Conv2d"", ""dilation"": [1, 1], ""groups"": 1, ""has_bias"": false, ""in_channels"": 96, ""kernel_size"": [1, 1], ""out_channels"": 576, ""padding"": [0, 0], ""stride"": [1, 1]}","{'args': [{'k': 'tensor', 'shape': [1, 96, 20, 20], 'dtype': 'torch.float32', 'value': 'empty', 'bytes': 153600}], 'kwargs': {}}","[[1, 96, 20, 20]]","[""torch.float32""]",22118400,1296384,400,400,2.544,1147,1.7443,4.828439,4.033038,0.797551,4.030888,7.034757,57.1,58.2,2300,2300,343,False,,
b9c1c55b02ed7356,BatchNorm2d,"{""class"": ""BatchNorm2d"", ""eps"": 0.001, ""has_bias"": true, ""momentum"": 0.01}","{'args': [{'k': 'tensor', 'shape': [1, 576, 20, 20], 'dtype': 'torch.float32', 'value': 'empty', 'bytes': 921600}], 'kwargs': {}}","[[1, 576, 20, 20]]","[""torch.float32""]",460800,1847808,400,400,2.546,10520,0.1901,5.099254,4.303853,0.832897,4.266356,0.818232,56.5,57.6,1800,2400,323,False,,
2efa7e1329cfc088,Hardswish,"{""class"": ""Hardswish""}","{'args': [{'k': 'tensor', 'shape': [1, 576, 20, 20], 'dtype': 'torch.float32', 'value': 'empty', 'bytes': 921600}], 'kwargs': {}}","[[1, 576, 20, 20]]","[""torch.float32""]",,1843200,1,1,2.545,20105,0.0995,5.485017,4.689616,0.842012,4.643004,0.466602,57.6,57.6,1500,2400,299,False,,
0bf8618891200f58,Conv2d,"{""class"": ""Conv2d"", ""dilation"": [1, 1], ""groups"": 576, ""has_bias"": false, ""in_channels"": 576, ""kernel_size"": [5, 5], ""out_channels"": 576, ""padding"": [2, 2], ""stride"": [1, 1]}","{'args': [{'k': 'tensor', 'shape': [1, 576, 20, 20], 'dtype': 'torch.float32', 'value': 'empty', 'bytes': 921600}], 'kwargs': {}}","[[1, 576, 20, 20]]","[""torch.float32""]",5760000,1900800,400,400,2.546,1042,1.9204,4.897575,4.102174,0.867549,4.030026,7.877694,57.1,57.6,1800,2400,323,False,,
8d9c20165f2d7670,AdaptiveAvgPool2d,"{""class"": ""AdaptiveAvgPool2d""}","{'args': [{'k': 'tensor', 'shape': [1, 576, 20, 20], 'dtype': 'torch.float32', 'value': 'empty', 'bytes': 921600}], 'kwargs': {}}","[[1, 576, 20, 20]]","[""torch.float32""]",,923904,1,1,2.55,18335,0.1091,4.483612,3.688211,0.83094,3.652672,0.402309,58.7,57.6,1600,2400,367,False,,
cf93481b283445b0,Conv2d,"{""class"": ""Conv2d"", ""dilation"": [1, 1], ""groups"": 1, ""has_bias"": true, ""in_channels"": 576, ""kernel_size"": [1, 1], ""out_channels"": 144, ""padding"": [0, 0], ""stride"": [1, 1]}","{'args': [{'k': 'tensor', 'shape': [1, 576, 1, 1], 'dtype': 'torch.float32', 'value': 'empty', 'bytes': 2304}], 'kwargs': {}}","[[1, 576, 1, 1]]","[""torch.float32""]",82944,335232,1,1,2.543,16959,0.1179,4.522535,3.727134,0.793859,3.728676,0.439552,58.2,58.2,1600,2000,373,False,,
42e0284d9b0f4f32,Conv2d,"{""class"": ""Conv2d"", ""dilation"": [1, 1], ""groups"": 1, ""has_bias"": true, ""in_channels"": 144, ""kernel_size"": [1, 1], ""out_channels"": 576, ""padding"": [0, 0], ""stride"": [1, 1]}","{'args': [{'k': 'tensor', 'shape': [1, 144, 1, 1], 'dtype': 'torch.float32', 'value': 'empty', 'bytes': 576}], 'kwargs': {}}","[[1, 144, 1, 1]]","[""torch.float32""]",82944,336960,1,1,2.546,17798,0.1124,4.548676,3.753275,0.809756,3.73892,0.421795,57.6,57.1,1900,2400,366,False,,
d5608794d5f8bde4,ReLU,"{""class"": ""ReLU""}","{'args': [{'k': 'tensor', 'shape': [1, 144, 1, 1], 'dtype': 'torch.float32', 'value': 'empty', 'bytes': 576}], 'kwargs': {}}","[[1, 144, 1, 1]]","[""torch.float32""]",144,1152,1,1,2.544,46265,0.0432,2.619058,1.823657,0.795022,1.824036,0.078835,56.5,54.9,1600,2200,405,False,,
be4cd46b3e01ddaf,Hardsigmoid,"{""class"": ""Hardsigmoid""}","{'args': [{'k': 'tensor', 'shape': [1, 576, 1, 1], 'dtype': 'torch.float32', 'value': 'empty', 'bytes': 2304}], 'kwargs': {}}","[[1, 576, 1, 1]]","[""torch.float32""]",,4608,1,1,2.544,77377,0.0258,2.654653,1.859253,0.803675,1.850978,0.048056,54.9,54.3,2200,2000,456,False,,
b939e2377e49b511,Conv2d,"{""class"": ""Conv2d"", ""dilation"": [1, 1], ""groups"": 1, ""has_bias"": false, ""in_channels"": 576, ""kernel_size"": [1, 1], ""out_channels"": 96, ""padding"": [0, 0], ""stride"": [1, 1]}","{'args': [{'k': 'tensor', 'shape': [1, 576, 20, 20], 'dtype': 'torch.float32', 'value': 'empty', 'bytes': 921600}], 'kwargs': {}}","[[1, 576, 20, 20]]","[""torch.float32""]",22118400,1296384,400,400,2.552,1561,1.2829,5.551591,4.75619,0.80418,4.747411,6.101529,54.3,57.6,1900,2400,318,False,,
2e3cef5c7638a8ef,Linear,"{""class"": ""Linear"", ""has_bias"": true, ""in_features"": 576, ""out_features"": 1024}","{'args': [{'k': 'tensor', 'shape': [1, 576], 'dtype': 'torch.float32', 'value': 'empty', 'bytes': 2304}], 'kwargs': {}}","[[1, 576]]","[""torch.float32""]",589824,2369792,1,1,2.548,1266,1.5803,4.369924,3.574523,0.811069,3.558855,5.648949,57.1,57.1,1900,2400,312,False,,
014d23df302dd2e1,Hardswish,"{""class"": ""Hardswish""}","{'args': [{'k': 'tensor', 'shape': [1, 1024], 'dtype': 'torch.float32', 'value': 'empty', 'bytes': 4096}], 'kwargs': {}}","[[1, 1024]]","[""torch.float32""]",,8192,1,1,2.543,44473,0.045,2.58939,1.793989,0.806658,1.782732,0.080677,57.6,56.5,1700,2100,412,False,,
b28a18bbb00d21af,Dropout,"{""class"": ""Dropout""}","{'args': [{'k': 'tensor', 'shape': [1, 1024], 'dtype': 'torch.float32', 'value': 'empty', 'bytes': 4096}], 'kwargs': {}}","[[1, 1024]]","[""torch.float32""]",,8192,1,1,4.544,45638,0.0217,2.158831,1.36343,0.778516,1.380315,0.029598,55.4,56.0,1600,2300,2,False,,
88e37aa021d4b02a,Linear,"{""class"": ""Linear"", ""has_bias"": true, ""in_features"": 1024, ""out_features"": 1000}","{'args': [{'k': 'tensor', 'shape': [1, 1024], 'dtype': 'torch.float32', 'value': 'empty', 'bytes': 4096}], 'kwargs': {}}","[[1, 1024]]","[""torch.float32""]",1024000,4108096,1,1,2.545,722,2.7705,4.144072,3.348671,0.806738,3.337334,9.277617,54.9,54.9,2100,2200,287,False,,
