t_ms,phase,window_id,I_A,V_V,P_W
4.502437004703097,warmup,1,1.55382,0.9283507,1.442489884674
9.523258006083779,warmup,1,1.56275,0.9286194,1.45119996735
34.6431790094357,warmup,1,1.55382,0.928888,1.4433247521600001
39.76672200951725,warmup,1,2.75044,0.9280821,2.5526341311240004
70.2670340106124,warmup,1,2.43789,0.928888,2.26452676632
78.80185800604522,warmup,1,4.04529,0.9294252,3.7597944673079993
84.15632401010953,warmup,1,4.50965,0.9294252,4.19138235318
88.4533930075122,warmup,1,4.13459,0.9304997,3.8472347546230004
94.92549601418432,warmup,1,4.09887,0.9296938,3.810694026006
101.67702300532255,warmup,1,2.44682,0.928888,2.2728217361600005
107.0908590045292,warmup,1,4.75076,0.9280821,4.409095317396
114.45013900811318,warmup,1,4.70611,0.9286194,4.370185044534
121.73475300369319,warmup,1,4.26854,0.9286194,3.963849053676
130.82309000310488,warmup,1,4.14352,0.928888,3.8488660057599997
139.77303900173865,warmup,1,2.45575,0.9294252,2.2824359349
148.30171500216238,warmup,1,7.143999,0.9299625,6.6436511700375
152.80046701082028,warmup,1,7.69766,0.9291566,7.152331593556
157.53471700008959,warmup,1,3.67023,0.9296938,3.4121900755740002
162.42185400915332,warmup,1,3.13443,0.9280821,2.909008376703
169.5140630035894,warmup,1,2.58077,0.928888,2.39724628376
174.6906970074633,warmup,1,4.79541,0.9294252,4.456974898332001
178.9861740107881,warmup,1,8.358479,0.9296938,7.770826103730201
185.7584960089298,warmup,1,4.99187,0.928888,4.63688814056
192.8865750087425,warmup,1,3.67916,0.9291566,3.418515796456
197.4672520009335,warmup,1,5.68841,0.928888,5.283895788080001
202.53429500735365,warmup,1,4.00957,0.9280821,3.7212101456970004
207.110769013525,warmup,1,4.974009,0.9291566,4.6216332908094
211.40944900980685,warmup,1,4.87578,0.9286194,4.527743898132
215.99103401240427,warmup,1,4.71504,0.9280821,4.375944224784
220.43606400256976,warmup,1,7.58157,0.9291566,7.044465803862
225.55021800508257,warmup,1,8.483499,0.9280821,7.873383567267901
230.14245100785047,warmup,1,2.90225,0.9296938,2.69820383105
235.25351200078148,warmup,1,2.5004,0.9291566,2.32326316264
241.30739700922277,warmup,1,2.60756,0.9294252,2.4235319745119996
248.2298850081861,warmup,1,5.17047,0.928888,4.80278753736
253.81449700216763,warmup,1,2.69686,0.928888,2.50508089168
258.7351340043824,warmup,1,2.69686,0.9286194,2.504356515084
263.45188400591724,warmup,1,4.88471,0.928888,4.53734850248
267.69178701215424,warmup,1,2.80402,0.928888,2.60462052976
272.1937240130501,warmup,1,3.40233,0.9280821,3.157641571293
276.78595700126607,warmup,1,4.83113,0.9313055,4.499257940215
281.0692120110616,warmup,1,4.17031,0.9283507,3.871510207717
285.5119640007615,warmup,1,2.59863,0.928888,2.41383622344
289.7516080120113,warmup,1,4.88471,0.9294252,4.539972568692
294.9959090037737,warmup,1,5.75092,0.9291566,5.343505274072
299.46819800534286,warmup,1,4.74183,0.9294252,4.407176296116
303.91269200481474,warmup,1,5.29549,0.9280821,4.914649479729
309.19751001056284,warmup,1,2.70579,0.9326486,2.523551255394
314.4243480055593,warmup,1,2.69686,0.9286194,2.504356515084
319.76022200251464,warmup,1,2.54505,0.9294252,2.36543360526
324.73043201025575,warmup,1,4.99187,0.9291566,4.638228956841999
329.0002420108067,warmup,1,2.67007,0.928888,2.48019598216
333.2628670032136,warmup,1,5.06331,0.9280821,4.699167377751
340.4867410135921,warmup,1,2.69686,0.9286194,2.504356515084
345.4332850087667,warmup,1,7.03684,0.9283507,6.532655339788
350.2218490029918,warmup,1,2.5897,0.9283507,2.40414980779
355.3268920077244,warmup,1,2.59863,0.928888,2.41383622344
360.64652500499506,warmup,1,2.70579,0.9286194,2.512649086326
366.69867001182865,warmup,1,5.10796,0.9299625,4.750211251500001
374.5710930088535,warmup,1,4.25068,0.9304997,3.9552564647960002
379.28436101356056,warmup,1,5.29549,0.9304997,4.9274518563530005
385.5448000103934,warmup,1,4.83113,0.9280821,4.483685275773
390.6021760049043,warmup,1,4.17031,0.928888,3.87375091528
396.03678999992553,warmup,1,4.86685,0.9299625,4.525987993125001
401.18288800294977,warmup,1,2.72365,0.9291566,2.5306973735900002
405.4369570076233,warmup,1,7.34939,0.9291566,6.828734224473999
410.4144640004961,warmup,1,4.87578,0.9294252,4.531672801656
414.7794580057962,warmup,1,4.99187,0.9291566,4.638228956841999
420.0120370078366,warmup,1,7.37618,0.9262018,6.831831193124
424.35901300632395,warmup,1,2.74151,0.9294252,2.548028480052
428.6568040115526,warmup,1,2.71472,0.9286194,2.5209416575679997
433.5074050031835,warmup,1,4.88471,0.9304997,4.545221189587
438.3812270098133,warmup,1,4.67932,0.9294252,4.349077926863999
442.9829970031278,warmup,1,2.66114,0.928888,2.47190101232
447.33699101198,warmup,1,3.63451,0.9291566,3.377028954266
459.0704320144141,warmup,1,9.501519,0.9299625,8.8360563630375
468.96683500381187,warmup,1,7.45655,0.9296938,6.93230830439
476.8418140010908,warmup,1,4.78648,0.9294252,4.448675131296
481.2526040041121,warmup,1,9.52831,0.9326486,8.886564981866
485.5255070142448,warmup,1,9.48366,0.9296938,8.816899903308
491.6979460103903,warmup,1,2.5004,0.9291566,2.32326316264
495.95336700440384,warmup,1,4.45607,0.9280821,4.135598803347
502.4728040007176,warmup,1,4.80434,0.9294252,4.465274665368
509.9008420074824,warmup,1,4.79541,0.9294252,4.456974898332001
516.0545410035411,warmup,1,5.00973,0.9326486,4.672317670878001
522.8079940134194,warmup,1,2.679,0.9283507,2.4870515252999996
531.5080940054031,warmup,1,7.63515,0.9299625,7.100403181875
536.5716740052449,warmup,1,4.84899,0.9299625,4.509378862875
541.0035010136198,warmup,1,2.45575,0.9283507,2.279797231525
545.3257730114274,warmup,1,5.0008,0.9326486,4.66398911888
550.1176710095024,warmup,1,5.61697,0.9326486,5.238659206742001
554.4249250087887,warmup,1,2.95583,0.9283507,2.744046849581
558.7988630140899,warmup,1,4.00957,0.9299625,3.728749741125
563.0160070140846,warmup,1,3.99171,0.9283507,3.705706772697
567.944422000437,warmup,1,4.0185,0.9286194,3.7316570589
572.327990012127,warmup,1,5.07224,0.9291566,4.712905272784
576.5050050104037,warmup,1,2.84867,0.928888,2.64609537896
581.1222010088386,warmup,1,2.73258,0.9283507,2.536792555806
587.827561001177,warmup,1,5.42051,0.9294252,5.037958590852
591.9577980093891,warmup,1,2.75937,0.9283507,2.561663071059
596.0258880077163,warmup,1,2.83081,0.9286194,2.628745083714
606.5672110125888,warmup,1,4.79541,0.931037,4.46470414017
613.3040520071518,warmup,1,4.75076,0.9296938,4.4167521172879995
618.2432450004853,warmup,1,3.9292,0.9272762,3.6434536450399997
626.4316460001282,warmup,1,5.07224,0.9259331,4.696554907144
631.6283910127822,warmup,1,4.92936,0.928888,4.5788233516800005
636.7471380071947,warmup,1,7.24223,0.9296938,6.733056329174
645.3619240055559,warmup,1,4.15245,0.9286194,3.85604562753
650.5300580029143,warmup,1,6.92075,0.9283507,6.424883107025
657.5259900128003,warmup,1,5.75985,0.928888,5.350255546800001
664.0697960101534,warmup,1,7.39404,0.9291566,6.8702210666640005
674.5150460046716,warmup,1,4.29533,0.928888,3.9898804930400003
682.2681550111156,warmup,1,5.19726,0.9304997,4.836048870822
693.2647330104373,warmup,1,5.0901,0.9283507,4.72539789807
702.4682910123374,warmup,1,4.78648,0.9296938,4.449960779824
713.3437400043476,warmup,1,4.1078,0.9299625,3.8200999575
722.2468750114786,warmup,1,4.21496,0.928888,3.9152257644799997
727.7810800005682,warmup,1,4.465,0.9286194,4.146285621
732.8193820139859,warmup,1,8.662101,0.9291566,8.0484483140166
741.041135013802,warmup,1,5.36693,0.9283507,4.982393222351
745.4639990028227,warmup,1,8.54601,0.9280821,7.931398907421001
750.9227420086972,warmup,1,8.76033,0.928888,8.13736541304
757.8645260073245,warmup,1,5.22405,0.9294252,4.855363716059999
762.3478530003922,warmup,1,5.79557,0.9291566,5.384992116262
768.3128680073423,warmup,1,9.02823,0.9237842,8.340136227966001
778.3808070089435,warmup,1,7.572639,0.9321114,7.0585431399846
783.3664800127735,warmup,1,4.77755,0.9286194,4.43652561447
789.5546420040773,warmup,1,7.55478,0.9270077,7.003339231806
798.4971100086113,warmup,1,5.28656,0.9299625,4.916302554
803.8321500062011,warmup,1,4.13459,0.9291566,3.8416815867940004
811.1729860102059,warmup,1,9.126459,0.9275449,8.4652005005091
818.369304004591,warmup,1,4.36677,0.9291566,4.057413166182
823.5037910053506,warmup,1,4.76862,0.9294252,4.432075597224
830.451334011741,warmup,1,4.30426,0.9299625,4.00280039025
835.989632003475,warmup,1,9.26041,0.9315742,8.626759037422
840.3864590072772,warmup,1,3.87562,0.9294252,3.602098893624
846.5247320127673,warmup,1,4.13459,0.9291566,3.8416815867940004
852.1384370105807,warmup,1,5.09903,0.9326486,4.755603190858
859.0131660021143,warmup,1,5.24191,0.9294252,4.871963250132
864.0047470107675,warmup,1,7.37618,0.931037,6.86749649866
868.4067040012451,warmup,1,4.92936,0.9259331,4.564257585816
875.960148012382,warmup,1,9.61761,0.9299625,8.944016639625001
881.0114320076536,warmup,1,4.38463,0.9280821,4.0692966181229995
886.31954700395,warmup,1,5.11689,0.9283507,4.750268413323
897.6666210073745,warmup,1,4.3757,0.9286194,4.06335990858
902.5318880012492,warmup,1,4.14352,0.928888,3.8488660057599997
910.0434630090604,warmup,1,4.50965,0.9302311,4.195016680115
915.2854480053065,warmup,1,4.20603,0.9280821,3.9035411550630004
921.5234610019252,warmup,1,6.95647,0.928888,6.46178150536
926.4235800073948,warmup,1,5.22405,0.9296938,4.85676689589
933.7479530076962,warmup,1,5.42051,0.9294252,5.037958590852
940.1388350088382,warmup,1,4.29533,0.9296938,3.993341669954
947.6794090005569,warmup,1,2.91118,0.9280821,2.701814047878
954.2797700123629,warmup,1,2.77723,0.9296938,2.5819735121739997
958.3273230091436,warmup,1,2.8576,0.9280821,2.6520874089600004
962.3623770021368,warmup,1,2.86653,0.9283507,2.661145132071
968.471132000559,warmup,1,6.74215,0.9237842,6.2282916440300005
980.1816470135236,warmup,1,5.70627,0.9291566,5.302018431882
990.5236010090448,warmup,1,7.53692,0.928888,7.000954544960001
998.612151000998,warmup,1,3.86669,0.9291566,3.5927605336540003
1004.7896650066832,warmup,1,3.7506,0.9286194,3.48287992164
1010.5507570115151,warmup,1,5.41158,0.9286194,5.025298172652
1017.2545240056934,warmup,1,7.947699,0.9302311,7.3931967832389
1027.163428007043,warmup,1,4.67039,0.928888,4.3382692263200004
1034.8549450136488,warmup,1,4.25961,0.9291566,3.957844744926
1043.1718080071732,warmup,1,4.24175,0.9291566,3.94125000805
1051.166674005799,warmup,1,5.48302,0.928888,5.09311148176
1056.4600300131133,warmup,1,7.822679,0.9294252,7.2705949941108
1066.2504520005314,warmup,1,4.74183,0.9280821,4.400807544243
1070.7518160052132,warmup,1,4.25961,0.928888,3.9567006136800007
1078.3816850016592,warmup,1,8.983579,0.9278135,8.3350858745165
1086.2056460027816,warmup,1,4.74183,0.9283507,4.402081199781
1093.3706310024718,warmup,1,4.90257,0.9294252,4.556572102764
1102.296285011107,warmup,1,5.33121,0.9286194,4.950665031473999
1106.7322779999813,warmup,1,4.92043,0.9280821,4.5665630073029995
1113.5623230074998,warmup,1,9.81407,0.9304997,9.131989190779
1118.8063270092243,warmup,1,3.3934,0.9304997,3.15755768198
1130.2265850099502,warmup,1,4.95615,0.9237842,4.57841306283
1135.7013100059703,warmup,1,5.161539,0.9291566,4.7958780280074
1146.4512970123906,warmup,1,5.358,0.9286194,4.975542745199999
1154.3028310115915,warmup,1,4.25961,0.9294252,3.958988876172
1166.369084006874,warmup,1,4.8222,0.9291566,4.48057895652
1170.7192260073498,warmup,1,7.179719,0.9294252,6.6730117675188
1175.2083670144202,warmup,1,4.8222,0.928888,4.4792837136
1182.0768930047052,warmup,1,8.179879,0.9278135,7.5894021645665
1189.1610640013823,warmup,1,9.1086,0.9304997,8.47554956742
1196.346975004417,warmup,1,4.78648,0.928888,4.4461038342400006
1200.7726540032309,warmup,1,5.29549,0.928888,4.91891711512
1205.1242600136902,warmup,1,4.85792,0.9286194,4.511158755648
1214.3219480058178,warmup,1,3.08085,0.9304997,2.866730000745
1220.3396290133242,warmup,1,4.9115,0.9294252,4.5648718698
1226.7257340135984,warmup,1,9.7337,0.9299625,9.051975986250001
1234.4904720084742,warmup,1,4.17031,0.928888,3.87375091528
1241.8992150051054,warmup,1,2.69686,0.9299625,2.5079786677500002
1250.037728008465,warmup,1,4.36677,0.9280821,4.052721071817
1254.5475540100597,warmup,1,4.31319,0.9291566,4.007628955554
1260.2616650110576,warmup,1,4.87578,0.928888,4.52905353264
1267.8399980068207,warmup,1,7.71552,0.9296938,7.173071107776
1272.6669320109067,warmup,1,4.07208,0.9291566,3.783600007728
1281.1509050079621,warmup,1,5.07224,0.9291566,4.712905272784
1286.602981010219,warmup,1,5.38479,0.9294252,5.0047595227079995
1291.805541011854,warmup,1,4.93829,0.9326486,4.605689254894001
1295.9985740017146,warmup,1,3.46484,0.928888,3.21844829792
1300.183959014248,warmup,1,1.62526,0.928888,1.50968451088
1314.4352640083525,warmup,1,1.62526,0.9283507,1.508811258682
1318.6736490024487,idle,2,1.61633,0.9286194,1.500955394802
1322.4849260004703,idle,2,1.62526,0.9283507,1.508811258682
1326.2978150014533,idle,2,1.61633,0.928888,1.5013895410400002
1330.4682370071532,idle,2,1.63419,0.928888,1.51797948072
1334.2529220099095,idle,2,1.6074,0.9286194,1.49266282356
1338.0419780005468,idle,2,1.61633,0.928888,1.5013895410400002
1341.8285890074912,idle,2,1.59847,0.928888,1.4847996013600002
1345.6199220090639,idle,2,1.6074,0.9283507,1.49223091518
1349.4046260020696,idle,2,1.58954,0.928888,1.47650463152
1353.1660150038078,idle,2,1.6074,0.9286194,1.49266282356
1356.9335890060756,idle,2,1.59847,0.9291566,1.485228950402
1360.7120330125326,idle,2,1.6074,0.9283507,1.49223091518
1364.4785890064668,idle,2,1.6074,0.9286194,1.49266282356
1368.2449230109341,idle,2,1.58061,0.9286194,1.467785109834
1372.001497002202,idle,2,1.58954,0.928888,1.47650463152
1375.7584230042994,idle,2,1.68777,0.9283507,1.566842460939
1379.511627004831,idle,2,1.63419,0.928888,1.51797948072
1383.2645530055743,idle,2,1.59847,0.928888,1.4847996013600002
1387.0230350003112,idle,2,1.58954,0.9286194,1.476077681076
1390.771943013533,idle,2,1.58061,0.928888,1.4682096616800002
1394.5274990110192,idle,2,1.58954,0.9286194,1.476077681076
1398.333202014328,idle,2,1.59847,0.9286194,1.484370252318
1402.1714790142141,idle,2,1.58954,0.9283507,1.475650571678
1405.928276013583,idle,2,1.58954,0.928888,1.47650463152
1409.709332001512,idle,2,1.58954,0.928888,1.47650463152
1413.4621100092772,idle,2,1.59847,0.928888,1.4847996013600002
1417.2236840095138,idle,2,1.59847,0.9286194,1.484370252318
1420.9795180067886,idle,2,1.58954,0.9283507,1.475650571678
1424.7476840100717,idle,2,1.6074,0.9286194,1.49266282356
1428.4969810105395,idle,2,1.59847,0.9286194,1.484370252318
1432.2445930010872,idle,2,1.58954,0.928888,1.47650463152
1435.9894260123838,idle,2,1.58061,0.9283507,1.467360399927
1439.7893890127307,idle,2,1.59847,0.9283507,1.483940743429
1443.5488150047604,idle,2,1.58954,0.9283507,1.475650571678
1447.3295930074528,idle,2,1.58954,0.9286194,1.476077681076
1458.3559300081106,idle,2,1.47345,0.9283507,1.367878338915
1462.2074290091405,idle,2,1.48238,0.9286194,1.376566826172
1466.0226510022767,idle,2,1.47345,0.928888,1.3686700236
1469.8226690088632,idle,2,1.47345,0.9286194,1.36827425493
1473.6022620054428,idle,2,1.48238,0.928888,1.3769649934400001
1477.3841140122386,idle,2,1.47345,0.9283507,1.367878338915
1481.1348550138064,idle,2,1.46452,0.928888,1.3603750537600001
1484.8717260028934,idle,2,1.47345,0.928888,1.3686700236
1488.6852810013806,idle,2,1.47345,0.928888,1.3686700236
1492.491188007989,idle,2,1.49131,0.9283507,1.384458682417
1496.264670000528,idle,2,1.47345,0.928888,1.3686700236
1500.0361140118912,idle,2,1.47345,0.9283507,1.367878338915
1503.8102440012153,idle,2,1.49131,0.9283507,1.384458682417
1507.5740780011984,idle,2,1.47345,0.9286194,1.36827425493
1511.3317070063204,idle,2,1.48238,0.9283507,1.376168510666
1515.130689003854,idle,2,1.48238,0.9283507,1.376168510666
1521.7891610082006,idle,2,1.57168,0.9286194,1.459492538592
1525.561494010617,idle,2,1.58061,0.9286194,1.467785109834
1529.337365005631,idle,2,1.57168,0.9286194,1.459492538592
1533.087254007114,idle,2,1.57168,0.9283507,1.459070228176
1536.9008090056013,idle,2,1.56275,0.9283507,1.450780056425
1540.7165680080652,idle,2,1.58061,0.9294252,1.469058765372
1544.517012007418,idle,2,1.58061,0.9286194,1.467785109834
1548.290327002178,idle,2,1.58061,0.928888,1.4682096616800002
1552.0474020013353,idle,2,1.58061,0.928888,1.4682096616800002
1555.8324570010882,idle,2,1.58061,0.9280821,1.4669358480810002
1559.6106050070375,idle,2,1.58061,0.928888,1.4682096616800002
1563.369365001563,idle,2,1.57168,0.9280821,1.458648074928
1567.137439007638,idle,2,1.57168,0.9283507,1.459070228176
1570.911643008003,idle,2,1.58061,0.9286194,1.467785109834
1574.6659580036066,idle,2,1.57168,0.9283507,1.459070228176
1578.4267730050487,idle,2,1.58061,0.9286194,1.467785109834
1582.1869400097057,idle,2,1.57168,0.9286194,1.459492538592
1585.9459960047388,idle,2,1.56275,0.928888,1.4516197220000002
1589.7720880020643,idle,2,1.58061,0.9283507,1.467360399927
1593.4033860103227,idle,2,1.56275,0.928888,1.4516197220000002
1597.042498004157,idle,2,1.57168,0.9283507,1.459070228176
1600.8176830073353,idle,2,1.58061,0.9286194,1.467785109834
1604.5861650054576,idle,2,1.57168,0.9286194,1.459492538592
1608.3691650128458,idle,2,1.57168,0.9286194,1.459492538592
1612.1529800002463,idle,2,1.58061,0.928888,1.4682096616800002
1615.9157390065957,idle,2,1.68777,0.9283507,1.566842460939
1619.6911470033228,idle,2,1.57168,0.9291566,1.4603368450879999
1623.4370920137735,idle,2,1.59847,0.9283507,1.483940743429
1627.2024990030332,idle,2,1.57168,0.9283507,1.459070228176
1630.968240002403,idle,2,1.57168,0.928888,1.4599146918400001
1634.7388330032118,idle,2,1.58061,0.9283507,1.467360399927
1638.4941850119503,idle,2,1.58061,0.928888,1.4682096616800002
1642.2582590021193,idle,2,1.57168,0.928888,1.4599146918400001
1646.0083710117033,idle,2,1.58061,0.9283507,1.467360399927
1649.8088340013055,idle,2,1.58061,0.9283507,1.467360399927
1653.6141850083368,idle,2,1.58061,0.9286194,1.467785109834
1657.3887410049792,idle,2,1.58061,0.9283507,1.467360399927
1661.152315005893,idle,2,1.57168,0.9286194,1.459492538592
1664.9094080057694,idle,2,1.57168,0.9283507,1.459070228176
1668.657982008881,idle,2,1.58061,0.9283507,1.467360399927
1672.4166120111477,idle,2,1.57168,0.9286194,1.459492538592
1676.1906870087842,idle,2,1.58061,0.9286194,1.467785109834
1679.9476130108815,idle,2,1.56275,0.928888,1.4516197220000002
1683.7155200046254,idle,2,1.67884,0.9291566,1.559905266344
1687.463371999911,idle,2,1.58954,0.9283507,1.475650571678
1691.2304840079742,idle,2,1.58061,0.9283507,1.467360399927
1694.9919840117218,idle,2,1.58061,0.9286194,1.467785109834
1698.730077012442,idle,2,1.59847,0.9283507,1.483940743429
1702.487837013905,idle,2,1.57168,0.9291566,1.4603368450879999
1706.224485009443,idle,2,1.56275,0.928888,1.4516197220000002
1709.993967000628,idle,2,1.56275,0.928888,1.4516197220000002
1713.7640600121813,idle,2,1.56275,0.9286194,1.45119996735
1717.5295230117626,idle,2,1.58061,0.9283507,1.467360399927
1721.2793750077253,idle,2,1.56275,0.9286194,1.45119996735
1725.043894010014,idle,2,1.58061,0.9286194,1.467785109834
1728.7886350095505,idle,2,1.55382,0.9283507,1.442489884674
1732.5235980097204,idle,2,1.58061,0.9283507,1.467360399927
1736.2655620090663,idle,2,1.57168,0.9286194,1.459492538592
1740.0365990033606,idle,2,1.56275,0.9286194,1.45119996735
1743.7826180103002,idle,2,1.70563,0.9283507,1.583422804441
1747.535822010832,idle,2,1.56275,0.9286194,1.45119996735
1751.2896000116598,idle,2,1.54489,0.9286194,1.434614824866
1755.0550630112411,idle,2,1.57168,0.9286194,1.459492538592
1758.8154890108854,idle,2,1.56275,0.9286194,1.45119996735
1762.5741560041206,idle,2,1.58061,0.9286194,1.467785109834
1766.352786013158,idle,2,1.56275,0.9283507,1.450780056425
1770.1219150039833,idle,2,1.58061,0.928888,1.4682096616800002
1773.8829710142454,idle,2,1.56275,0.9286194,1.45119996735
1777.6422860042658,idle,2,1.56275,0.9283507,1.450780056425
1781.3936010061298,idle,2,1.57168,0.9286194,1.459492538592
1785.146120004356,idle,2,1.56275,0.9294252,1.4524592313
1788.9060090092244,idle,2,1.58954,0.9283507,1.475650571678
1792.663584012189,idle,2,1.57168,0.9286194,1.459492538592
1796.422399012954,idle,2,1.58061,0.928888,1.4682096616800002
1800.1746030058712,idle,2,1.56275,0.9283507,1.450780056425
1803.9204360102303,idle,2,1.58954,0.9286194,1.476077681076
1807.6541960035684,idle,2,1.56275,0.9286194,1.45119996735
1811.4077340142103,idle,2,1.57168,0.9283507,1.459070228176
1815.1563820138108,idle,2,1.57168,0.9283507,1.459070228176
1818.903790001059,idle,2,1.57168,0.9291566,1.4603368450879999
1822.6584940130124,idle,2,1.57168,0.9286194,1.459492538592
1826.4176420052536,idle,2,1.56275,0.9283507,1.450780056425
1830.188605003059,idle,2,1.56275,0.9286194,1.45119996735
1833.9482720039086,idle,2,1.56275,0.9283507,1.450780056425
1837.723235003068,idle,2,1.56275,0.9283507,1.450780056425
1841.4624020078918,idle,2,1.58954,0.9286194,1.476077681076
1845.2219210012117,idle,2,1.58061,0.9286194,1.467785109834
1848.9598290034337,idle,2,1.56275,0.928888,1.4516197220000002
1852.713163010776,idle,2,1.56275,0.9294252,1.4524592313
1856.4727180055343,idle,2,1.57168,0.9283507,1.459070228176
1860.24083000666,idle,2,1.57168,0.9278135,1.45822592168
1863.9925890020095,idle,2,1.57168,0.9283507,1.459070228176
1867.7340710128192,idle,2,2.27715,0.9286194,2.1146056667099997
1871.492460006266,idle,2,1.58954,0.9283507,1.475650571678
1875.2472380001564,idle,2,1.58061,0.9283507,1.467360399927
1878.99875700532,idle,2,1.56275,0.9283507,1.450780056425
1882.7344240125967,idle,2,1.56275,0.9286194,1.45119996735
1886.497480008984,idle,2,1.56275,0.9283507,1.450780056425
1890.2679060120136,idle,2,1.58954,0.9280821,1.475223621234
1894.0159440098796,idle,2,1.56275,0.9286194,1.45119996735
1897.7794620004715,idle,2,1.58061,0.928888,1.4682096616800002
1901.5261480089976,idle,2,1.58061,0.9286194,1.467785109834
1905.277482001111,idle,2,1.56275,0.928888,1.4516197220000002
1909.0303890116047,idle,2,1.56275,0.9283507,1.450780056425
1912.791297014337,idle,2,1.55382,0.928888,1.4433247521600001
1916.539260011632,idle,2,1.55382,0.928888,1.4433247521600001
1920.2920570096467,idle,2,1.57168,0.928888,1.4599146918400001
1924.0580390032846,idle,2,1.57168,0.9283507,1.459070228176
1927.803335012868,idle,2,1.57168,0.9286194,1.459492538592
1931.5636870014714,idle,2,1.58061,0.928888,1.4682096616800002
1935.3182990016649,idle,2,1.55382,0.9283507,1.442489884674
1939.0714100009063,idle,2,1.56275,0.9283507,1.450780056425
1942.8237440006342,idle,2,1.58061,0.9283507,1.467360399927
1946.5682070003822,idle,2,1.55382,0.9286194,1.442907396108
1950.3343930118717,idle,2,1.56275,0.9283507,1.450780056425
1954.081023010076,idle,2,1.56275,0.928888,1.4516197220000002
1957.8347640053835,idle,2,1.56275,0.928888,1.4516197220000002
1961.6338750056457,idle,2,1.58061,0.928888,1.4682096616800002
1965.4346520110266,idle,2,1.56275,0.928888,1.4516197220000002
1969.2063930124277,idle,2,1.56275,0.928888,1.4516197220000002
1973.0025970056886,idle,2,1.56275,0.9286194,1.45119996735
1976.766875013709,idle,2,1.55382,0.9283507,1.442489884674
1980.5433750007069,idle,2,1.55382,0.9286194,1.442907396108
1984.3043930013664,idle,2,1.58954,0.928888,1.47650463152
1988.0870420020074,idle,2,1.57168,0.9283507,1.459070228176
1991.8446530064102,idle,2,1.57168,0.9286194,1.459492538592
1995.6337450130377,idle,2,1.55382,0.9283507,1.442489884674
1999.4053750124294,idle,2,1.57168,0.9286194,1.459492538592
2003.1581350049237,idle,2,1.54489,0.928888,1.4350297823200002
2006.8972090084571,idle,2,1.56275,0.9283507,1.450780056425
2010.6689500098582,idle,2,1.56275,0.928888,1.4516197220000002
2014.427654008614,idle,2,1.57168,0.9286194,1.459492538592
2018.212950002635,idle,2,1.56275,0.928888,1.4516197220000002
2021.9840990030207,idle,2,1.56275,0.9286194,1.45119996735
2025.7257470075274,idle,2,1.56275,0.9286194,1.45119996735
2029.4735440111253,idle,2,1.57168,0.9283507,1.459070228176
2033.2390070107067,idle,2,1.57168,0.9286194,1.459492538592
2037.0053590013413,idle,2,1.58061,0.9286194,1.467785109834
2040.7565260102274,idle,2,1.57168,0.9286194,1.459492538592
2044.518582013552,idle,2,1.57168,0.9283507,1.459070228176
2048.2883410004433,idle,2,1.56275,0.928888,1.4516197220000002
2052.061341004446,idle,2,1.56275,0.928888,1.4516197220000002
2055.8204900007695,idle,2,1.57168,0.9283507,1.459070228176
2059.579175009276,idle,2,1.55382,0.928888,1.4433247521600001
2063.3303790091304,idle,2,1.57168,0.9283507,1.459070228176
2067.081824003253,idle,2,1.58061,0.9286194,1.467785109834
2070.8365099999355,idle,2,1.56275,0.9286194,1.45119996735
2074.5973430020967,idle,2,1.56275,0.9283507,1.450780056425
2078.359029008425,idle,2,1.58061,0.928888,1.4682096616800002
2082.1380100096576,idle,2,1.56275,0.9283507,1.450780056425
2085.8834360114997,idle,2,1.57168,0.928888,1.4599146918400001
2089.627974011819,idle,2,1.54489,0.9286194,1.434614824866
2093.4097890130943,idle,2,1.56275,0.928888,1.4516197220000002
2097.166048013605,idle,2,1.56275,0.9286194,1.45119996735
2100.929141000961,idle,2,1.54489,0.9286194,1.434614824866
2104.6911040029954,idle,2,1.56275,0.9286194,1.45119996735
2108.4651780111017,idle,2,1.58954,0.928888,1.47650463152
2112.22193800495,idle,2,1.57168,0.9283507,1.459070228176
2115.9776970016537,idle,2,1.57168,0.9280821,1.458648074928
2119.7499750123825,idle,2,2.27715,0.928888,2.1152173091999997
2123.499420005828,idle,2,1.59847,0.9283507,1.483940743429
2127.2345870092977,idle,2,1.58061,0.9286194,1.467785109834
2130.9969020076096,idle,2,1.57168,0.928888,1.4599146918400001
2134.7621800086927,idle,2,1.57168,0.9286194,1.459492538592
2138.5127550020115,idle,2,1.56275,0.9286194,1.45119996735
2142.271681004786,idle,2,1.56275,0.9286194,1.45119996735
2146.035848010797,idle,2,1.56275,0.9286194,1.45119996735
2149.8113110137638,idle,2,1.56275,0.9283507,1.450780056425
2153.5658850043546,idle,2,1.55382,0.9283507,1.442489884674
2157.3281080054585,idle,2,1.55382,0.9286194,1.442907396108
2161.0884600086138,idle,2,1.55382,0.9286194,1.442907396108
2164.8507380014053,idle,2,1.58061,0.928888,1.4682096616800002
2168.6004230141407,idle,2,1.58061,0.9286194,1.467785109834
2172.3419610061683,idle,2,1.53596,0.9286194,1.426322253624
2176.1006460001227,idle,2,1.56275,0.9283507,1.450780056425
2179.8678130144253,idle,2,1.57168,0.928888,1.4599146918400001
2183.6213690112345,idle,2,1.57168,0.9286194,1.459492538592
2187.361332005821,idle,2,1.55382,0.9286194,1.442907396108
2191.1128320061835,idle,2,1.57168,0.9283507,1.459070228176
2194.8759440128924,idle,2,1.56275,0.9294252,1.4524592313
2198.6416290019406,idle,2,1.57168,0.928888,1.4599146918400001
2202.397833010764,idle,2,1.56275,0.928888,1.4516197220000002
2206.175241008168,idle,2,1.56275,0.928888,1.4516197220000002
2209.924408001825,idle,2,1.57168,0.9286194,1.459492538592
2213.696760009043,idle,2,1.54489,0.928888,1.4350297823200002
2217.450464013382,idle,2,1.54489,0.9283507,1.434199712923
2221.2154080043547,idle,2,1.56275,0.9283507,1.450780056425
2224.9796120013343,idle,2,1.57168,0.9283507,1.459070228176
2228.740483013098,idle,2,1.56275,0.9291566,1.45203947665
2232.5056310073705,idle,2,1.56275,0.9283507,1.450780056425
2236.292798013892,idle,2,1.55382,0.9286194,1.442907396108
2239.891614008229,idle,2,1.56275,0.9286194,1.45119996735
2243.67242900189,idle,2,1.55382,0.9286194,1.442907396108
2247.4284850031836,idle,2,1.56275,0.928888,1.4516197220000002
2251.1688000085996,idle,2,1.54489,0.9280821,1.4337847554690002
2254.90539301245,idle,2,1.54489,0.928888,1.4350297823200002
2258.6650050070602,idle,2,1.56275,0.9286194,1.45119996735
2262.4348750105128,idle,2,1.56275,0.9283507,1.450780056425
2266.2428750045365,idle,2,1.55382,0.9283507,1.442489884674
2270.039153008838,idle,2,1.57168,0.9286194,1.459492538592
2273.8477640086785,idle,2,1.57168,0.9286194,1.459492538592
2277.6237270009005,idle,2,1.57168,0.928888,1.4599146918400001
2281.387375012855,idle,2,1.56275,0.9283507,1.450780056425
2285.166190005839,idle,2,1.56275,0.9283507,1.450780056425
2288.925338012632,idle,2,1.55382,0.9280821,1.442072528622
2292.6984860096127,idle,2,1.55382,0.928888,1.4433247521600001
2296.4658200071426,idle,2,1.56275,0.9286194,1.45119996735
2300.229672007845,idle,2,1.56275,0.9283507,1.450780056425
2303.9846170140663,idle,2,1.55382,0.9283507,1.442489884674
2307.750506006414,idle,2,2.27715,0.928888,2.1152173091999997
2311.5297840122366,idle,2,1.58061,0.9286194,1.467785109834
2315.3083020006306,idle,2,1.56275,0.9283507,1.450780056425
2319.075191000593,idle,2,1.55382,0.9283507,1.442489884674
2322.8394510078942,idle,2,1.56275,0.9286194,1.45119996735
2326.5901360136922,idle,2,1.54489,0.928888,1.4350297823200002
2330.3559700143524,idle,2,1.55382,0.9283507,1.442489884674
2334.139711005264,idle,2,1.55382,0.928888,1.4433247521600001
2337.9004890011856,idle,2,1.58061,0.928888,1.4682096616800002
2341.666526001063,idle,2,1.56275,0.9283507,1.450780056425
2345.4233220109018,idle,2,1.56275,0.9286194,1.45119996735
2349.193563000881,idle,2,1.54489,0.9283507,1.434199712923
2352.9348410083912,idle,2,1.57168,0.9283507,1.459070228176
2356.6871570074,idle,2,1.56275,0.9286194,1.45119996735
2360.445583006367,idle,2,1.56275,0.9283507,1.450780056425
2364.218768008868,idle,2,1.56275,0.9283507,1.450780056425
2367.9728790011723,idle,2,1.56275,0.9286194,1.45119996735
2371.7312130029313,idle,2,2.25929,0.9291566,2.099234214814
2375.4715280083474,idle,2,1.57168,0.9283507,1.459070228176
2379.2303430091124,idle,2,1.56275,0.9286194,1.45119996735
2382.987844001036,idle,2,1.55382,0.928888,1.4433247521600001
2386.744992007152,idle,2,1.55382,0.9291566,1.4437421082119999
2390.4782330064336,idle,2,1.56275,0.9283507,1.450780056425
2394.2350300058024,idle,2,1.55382,0.9286194,1.442907396108
2397.978808003245,idle,2,1.55382,0.928888,1.4433247521600001
2401.7406230123015,idle,2,1.54489,0.928888,1.4350297823200002
2405.3332730109105,idle,2,1.57168,0.9283507,1.459070228176
2408.931127007236,idle,2,1.56275,0.9286194,1.45119996735
2412.701831010054,idle,2,1.55382,0.928888,1.4433247521600001
2416.441813009442,idle,2,1.57168,0.9283507,1.459070228176
2420.1951830036705,idle,2,1.56275,0.9286194,1.45119996735
2423.9461840043077,idle,2,1.56275,0.9283507,1.450780056425
2427.7071470132796,idle,2,1.67884,0.9283507,1.5585522891880002
2431.4604430110194,idle,2,1.57168,0.9283507,1.459070228176
2435.218332000659,idle,2,1.55382,0.9283507,1.442489884674
2438.9866850106046,idle,2,1.55382,0.9283507,1.442489884674
2442.74514800054,idle,2,1.56275,0.9291566,1.45203947665
2446.4970550034195,idle,2,1.59847,0.9283507,1.483940743429
2450.301111006411,idle,2,1.45559,0.9286194,1.351689112446
2459.342115005711,idle,2,1.45559,0.928888,1.35208008392
2464.1806230065413,idle,2,1.54489,0.9280821,1.4337847554690002
2467.9788640059996,idle,2,1.43773,0.9280821,1.334331477633
2471.6289950010832,idle,2,1.56275,0.9283507,1.450780056425
2475.417217006907,idle,2,1.45559,0.9283507,1.351297995413
2479.2076800076757,idle,2,1.45559,0.9286194,1.351689112446
2482.987421011785,idle,2,1.47345,0.928888,1.3686700236
2486.756365004112,idle,2,1.45559,0.9286194,1.351689112446
2490.5306990112877,idle,2,1.45559,0.9286194,1.351689112446
2494.1832370095653,idle,2,1.43773,0.9286194,1.335103969962
2497.977829014417,idle,2,1.45559,0.9286194,1.351689112446
2501.7926990112755,idle,2,1.44666,0.9286194,1.343396541204
2505.5526070063934,idle,2,1.47345,0.9286194,1.36827425493
2509.32031100092,idle,2,1.44666,0.928888,1.3437851140800001
2513.083589001326,idle,2,1.44666,0.9283507,1.343007823662
2516.842423006892,idle,2,1.46452,0.9283507,1.359588167164
2520.602997014066,idle,2,1.46452,0.9283507,1.359588167164
2524.3817560112802,idle,2,1.44666,0.9283507,1.343007823662
2531.04733901273,idle,2,1.55382,0.9286194,1.442907396108
2534.801284011337,idle,2,1.55382,0.9283507,1.442489884674
2538.5634690028382,idle,2,1.57168,0.9286194,1.459492538592
2542.334562007454,idle,2,1.55382,0.9286194,1.442907396108
2546.093136013951,idle,2,1.56275,0.9283507,1.450780056425
2549.8694510024507,idle,2,1.54489,0.9286194,1.434614824866
2553.5167490015738,idle,2,1.58061,0.928888,1.4682096616800002
2557.2675460134633,idle,2,1.56275,0.9286194,1.45119996735
2561.0255640058313,idle,2,1.56275,0.9283507,1.450780056425
2564.620751014445,idle,2,1.56275,0.928888,1.4516197220000002
2568.379233009182,idle,2,1.56275,0.9286194,1.45119996735
2572.1281780133722,idle,2,1.56275,0.928888,1.4516197220000002
2575.8766409999225,idle,2,1.54489,0.928888,1.4350297823200002
2579.6418450045167,idle,2,1.56275,0.9283507,1.450780056425
2583.390790008707,idle,2,1.55382,0.928888,1.4433247521600001
2587.1604010026203,idle,2,1.55382,0.9280821,1.442072528622
2590.913920008461,idle,2,1.54489,0.9283507,1.434199712923
2594.685883013881,idle,2,1.55382,0.9286194,1.442907396108
2598.430680009187,idle,2,1.56275,0.9286194,1.45119996735
2602.1777730056783,idle,2,1.55382,0.9286194,1.442907396108
2605.9362730011344,idle,2,1.55382,0.928888,1.4433247521600001
2609.7069950046716,idle,2,1.55382,0.928888,1.4433247521600001
2613.4623840043787,idle,2,1.55382,0.9278135,1.44165517257
2617.2214400139637,idle,2,1.56275,0.9283507,1.450780056425
2620.976107005845,idle,2,1.55382,0.9283507,1.442489884674
2624.7421260050032,idle,2,1.55382,0.9291566,1.4437421082119999
2628.504330001306,idle,2,1.57168,0.928888,1.4599146918400001
2632.2576260135975,idle,2,1.57168,0.9283507,1.459070228176
2636.014479008736,idle,2,1.55382,0.9286194,1.442907396108
2639.7839600103907,idle,2,1.58061,0.9283507,1.467360399927
2643.5476270125946,idle,2,1.99139,0.9283507,1.8487083004729998
2647.306720013148,idle,2,1.56275,0.9283507,1.450780056425
2651.0551830142504,idle,2,1.55382,0.9283507,1.442489884674
2654.80081300484,idle,2,1.56275,0.9286194,1.45119996735
2658.554128007381,idle,2,1.56275,0.9283507,1.450780056425
2662.31242500362,idle,2,1.55382,0.9286194,1.442907396108
2666.0806290019536,idle,2,1.56275,0.928888,1.4516197220000002
2669.8751660005655,idle,2,1.56275,0.9283507,1.450780056425
2673.7182390061207,idle,2,1.56275,0.9283507,1.450780056425
2677.486462009256,idle,2,1.55382,0.9286194,1.442907396108
2681.2642390141264,idle,2,1.55382,0.9283507,1.442489884674
2685.049906009226,idle,2,1.56275,0.9283507,1.450780056425
2688.8255910016596,idle,2,1.56275,0.9283507,1.450780056425
2692.603425006382,idle,2,1.56275,0.928888,1.4516197220000002
2696.3736840116326,idle,2,1.54489,0.9283507,1.434199712923
2700.145869006519,idle,2,1.55382,0.928888,1.4433247521600001
2703.903703004471,idle,2,1.56275,0.9283507,1.450780056425
2707.670463001705,idle,2,1.56275,0.9283507,1.450780056425
2711.4168890111614,idle,2,1.56275,0.9283507,1.450780056425
2715.1832960080355,idle,2,1.52703,0.9286194,1.418029682382
2718.9252040116116,idle,2,1.54489,0.9286194,1.434614824866
2722.674316013581,idle,2,1.55382,0.928888,1.4433247521600001
2726.41866801132,idle,2,1.56275,0.9286194,1.45119996735
2730.185872002039,idle,2,1.54489,0.9283507,1.434199712923
2733.947391010588,idle,2,1.55382,0.9283507,1.442489884674
2737.7226870012237,idle,2,1.55382,0.9283507,1.442489884674
2741.474095004378,idle,2,1.56275,0.928888,1.4516197220000002
2745.2275390096474,idle,2,1.55382,0.9283507,1.442489884674
2748.9996690128464,idle,2,1.57168,0.928888,1.4599146918400001
2752.751818014076,idle,2,1.55382,0.9280821,1.442072528622
2756.5194290073123,idle,2,1.56275,0.9283507,1.450780056425
2760.2993180043995,idle,2,1.57168,0.9286194,1.459492538592
2764.049077013624,idle,2,1.53596,0.9286194,1.426322253624
2767.7926150063286,idle,2,1.56275,0.9286194,1.45119996735
2771.556171006523,idle,2,1.58061,0.9286194,1.467785109834
2775.298393011326,idle,2,1.53596,0.9283507,1.425909541172
2779.0567080082837,idle,2,1.54489,0.9283507,1.434199712923
2782.8233380132588,idle,2,1.56275,0.9283507,1.450780056425
2786.578264000127,idle,2,1.56275,0.9283507,1.450780056425
2790.313709003385,idle,2,1.54489,0.928888,1.4350297823200002
2794.067228009226,idle,2,1.56275,0.9286194,1.45119996735
2797.8240800002823,idle,2,1.55382,0.9286194,1.442907396108
2801.6037470079027,idle,2,1.56275,0.9283507,1.450780056425
2805.369858004269,idle,2,1.56275,0.928888,1.4516197220000002
2809.1323590051616,idle,2,1.54489,0.9278135,1.433369798015
2812.8906000056304,idle,2,1.56275,0.9286194,1.45119996735
2816.65335901198,idle,2,2.11641,0.9283507,1.964770704987
2820.408933010185,idle,2,1.56275,0.9286194,1.45119996735
2824.170507999952,idle,2,1.58061,0.9283507,1.467360399927
2827.9378410079516,idle,2,1.55382,0.9283507,1.442489884674
2831.6890820133267,idle,2,1.57168,0.9283507,1.459070228176
2835.423342010472,idle,2,1.55382,0.928888,1.4433247521600001
2839.1730090079363,idle,2,1.56275,0.928888,1.4516197220000002
2842.925657008891,idle,2,1.56275,0.9286194,1.45119996735
2846.7058240057668,idle,2,1.64312,0.9286194,1.525833108528
2850.4804910044186,idle,2,1.55382,0.9283507,1.442489884674
2854.249065014301,idle,2,1.57168,0.928888,1.4599146918400001
2858.025899011409,idle,2,1.55382,0.928888,1.4433247521600001
2861.7952880013036,idle,2,1.56275,0.9283507,1.450780056425
2865.535158009152,idle,2,1.56275,0.9286194,1.45119996735
2869.3000480125193,idle,2,1.55382,0.9283507,1.442489884674
2873.0606400058605,idle,2,1.55382,0.9283507,1.442489884674
2876.8236590112792,idle,2,1.54489,0.9283507,1.434199712923
2880.586604005657,idle,2,1.54489,0.928888,1.4350297823200002
2884.3330670060823,idle,2,1.55382,0.9286194,1.442907396108
2888.0899190116907,idle,2,1.56275,0.928888,1.4516197220000002
2891.842438009917,idle,2,1.58061,0.9283507,1.467360399927
2895.597512004315,idle,2,1.56275,0.928888,1.4516197220000002
2899.364939003135,idle,2,1.55382,0.9286194,1.442907396108
2903.108254002291,idle,2,1.55382,0.9283507,1.442489884674
2906.8628840032034,idle,2,1.56275,0.928888,1.4516197220000002
2910.5952920072014,idle,2,1.55382,0.9286194,1.442907396108
2914.3608100130223,idle,2,1.55382,0.928888,1.4433247521600001
2918.1239960016683,idle,2,1.55382,0.9283507,1.442489884674
2921.8785330012906,idle,2,1.55382,0.9283507,1.442489884674
2925.499386008596,idle,2,1.56275,0.9286194,1.45119996735
2929.271127009997,idle,2,1.56275,0.9280821,1.4503603017750002
2933.0253310035914,idle,2,1.55382,0.928888,1.4433247521600001
2936.7763130139792,idle,2,1.54489,0.9286194,1.434614824866
2940.5398500093725,idle,2,1.56275,0.928888,1.4516197220000002
2944.3064060033066,idle,2,1.58061,0.9286194,1.467785109834
2948.0667030002223,idle,2,1.55382,0.9283507,1.442489884674
2951.8190730013885,idle,2,1.56275,0.9286194,1.45119996735
2955.568259014399,idle,2,1.56275,0.9283507,1.450780056425
2959.175779003999,idle,2,1.55382,0.9286194,1.442907396108
2962.931705013034,idle,2,1.55382,0.9286194,1.442907396108
2966.682928003138,idle,2,1.56275,0.9283507,1.450780056425
2970.4390580009203,idle,2,1.56275,0.9286194,1.45119996735
2974.1973170021083,idle,2,1.55382,0.9283507,1.442489884674
2977.958021001541,idle,2,1.55382,0.928888,1.4433247521600001
2981.773373001488,idle,2,1.56275,0.9286194,1.45119996735
2985.5560210125986,idle,2,1.56275,0.9283507,1.450780056425
2989.347799011739,idle,2,1.56275,0.9286194,1.45119996735
2993.1315390131203,idle,2,1.56275,0.9286194,1.45119996735
2996.917984011816,idle,2,1.54489,0.9286194,1.434614824866
3000.6860030116513,idle,2,1.55382,0.928888,1.4433247521600001
3004.4396510056686,idle,2,1.55382,0.928888,1.4433247521600001
3008.2035770028597,idle,2,1.55382,0.928888,1.4433247521600001
3011.975651010289,idle,2,1.54489,0.9369466,1.447479432874
3015.7379480078816,idle,2,2.20571,0.928888,2.0488575504799997
3019.5030410104664,idle,2,1.58954,0.928888,1.47650463152
3023.2540230063023,idle,2,1.56275,0.9286194,1.45119996735
3027.015152008971,idle,2,1.56275,0.9286194,1.45119996735
3030.7711340137757,idle,2,1.53596,0.928888,1.4267348124800001
3034.5315790036693,idle,2,1.56275,0.9283507,1.450780056425
3038.2639130111784,idle,2,1.54489,0.9280821,1.4337847554690002
3042.015117011033,idle,2,1.54489,0.928888,1.4350297823200002
3045.7902460038895,idle,2,1.56275,0.928888,1.4516197220000002
3049.545191010111,idle,2,1.56275,0.9283507,1.450780056425
3053.307284004404,idle,2,1.54489,0.928888,1.4350297823200002
3057.0691550092306,idle,2,1.55382,0.9283507,1.442489884674
3060.8244330069283,idle,2,1.56275,0.9283507,1.450780056425
3064.5714520069305,idle,2,1.56275,0.928888,1.4516197220000002
3068.3425630122656,idle,2,1.56275,0.9283507,1.450780056425
3072.1026190003613,idle,2,1.56275,0.9286194,1.45119996735
3075.861267003347,idle,2,1.56275,0.9283507,1.450780056425
3079.606341008912,idle,2,1.56275,0.9283507,1.450780056425
3083.359027004917,idle,2,1.54489,0.9286194,1.434614824866
3087.1130270097638,idle,2,1.55382,0.9294252,1.4441594642639999
3090.873861001455,idle,2,1.54489,0.9286194,1.434614824866
3094.6282130025793,idle,2,1.55382,0.9283507,1.442489884674
3098.3805840078276,idle,2,1.54489,0.9283507,1.434199712923
3102.155158005189,idle,2,1.56275,0.928888,1.4516197220000002
3105.914103012765,idle,2,1.56275,0.9283507,1.450780056425
3109.671881000395,idle,2,1.54489,0.9286194,1.434614824866
3113.4438440058148,idle,2,1.54489,0.928888,1.4350297823200002
3117.191122000804,idle,2,1.55382,0.9286194,1.442907396108
3120.949622010812,idle,2,1.55382,0.9286194,1.442907396108
3124.700585001847,idle,2,1.55382,0.928888,1.4433247521600001
3128.46586300293,idle,2,1.56275,0.9286194,1.45119996735
3132.2251410019817,idle,2,1.55382,0.9286194,1.442907396108
3135.9879190131323,idle,2,1.55382,0.9283507,1.442489884674
3139.738549012691,idle,2,2.19678,0.928888,2.04056258064
3143.479272010154,idle,2,1.57168,0.928888,1.4599146918400001
3147.2357350139646,idle,2,1.56275,0.9283507,1.450780056425
3151.0292350139935,idle,2,1.56275,0.928888,1.4516197220000002
3154.80475401273,idle,2,1.55382,0.928888,1.4433247521600001
3158.590550010558,idle,2,1.55382,0.928888,1.4433247521600001
3162.3667540116003,idle,2,1.55382,0.9283507,1.442489884674
3166.145884009893,idle,2,1.56275,0.9286194,1.45119996735
3169.919754000148,idle,2,1.56275,0.9286194,1.45119996735
3173.67762500362,idle,2,1.56275,0.9283507,1.450780056425
3177.421051004785,idle,2,1.54489,0.9283507,1.434199712923
3181.1819770082366,idle,2,1.57168,0.928888,1.4599146918400001
3184.932033007499,idle,2,1.57168,0.9286194,1.459492538592
3188.6776450119214,idle,2,1.54489,0.9286194,1.434614824866
3192.441052000504,idle,2,1.55382,0.9283507,1.442489884674
3196.1905150092207,idle,2,1.56275,0.9286194,1.45119996735
3199.9324600037653,idle,2,1.56275,0.9286194,1.45119996735
3203.683350002393,idle,2,1.56275,0.9286194,1.45119996735
3207.4296090140706,idle,2,1.56275,0.9291566,1.45203947665
3211.1814800009597,idle,2,1.58061,0.9283507,1.467360399927
3214.920128011727,idle,2,1.55382,0.9283507,1.442489884674
3218.677277007373,idle,2,1.56275,0.9283507,1.450780056425
3222.4428510089638,idle,2,1.56275,0.928888,1.4516197220000002
3226.200944001903,idle,2,1.56275,0.9286194,1.45119996735
3229.9570920004044,idle,2,1.54489,0.9283507,1.434199712923
3233.7129630031995,idle,2,1.56275,0.928888,1.4516197220000002
3237.4641860078555,idle,2,1.55382,0.9283507,1.442489884674
3241.206760008936,idle,2,1.56275,0.9280821,1.4503603017750002
3244.936687013251,idle,2,1.55382,0.9283507,1.442489884674
3248.6799280013656,idle,2,1.56275,0.928888,1.4516197220000002
3252.4500020081177,idle,2,1.56275,0.9283507,1.450780056425
3256.224798009498,idle,2,1.56275,0.9286194,1.45119996735
3260.0056870142,idle,2,1.57168,0.9283507,1.459070228176
3263.7619840097614,idle,2,1.70563,0.9286194,1.583881107222
3267.525243005366,idle,2,1.57168,0.9291566,1.4603368450879999
3271.2841510074213,idle,2,1.56275,0.928888,1.4516197220000002
3275.0469850143418,idle,2,1.54489,0.928888,1.4350297823200002
3278.7899290124187,idle,2,1.53596,0.9283507,1.425909541172
3282.5428370124428,idle,2,1.57168,0.9283507,1.459070228176
3286.2985970132286,idle,2,1.57168,0.9283507,1.459070228176
3290.065745008178,idle,2,1.58061,0.9283507,1.467360399927
3293.8286710123066,idle,2,1.54489,0.9283507,1.434199712923
3297.593005001545,idle,2,1.54489,0.9283507,1.434199712923
3301.3474860053975,idle,2,1.54489,0.9283507,1.434199712923
3305.0792650028598,idle,2,1.54489,0.9286194,1.434614824866
3308.8257650088053,idle,2,1.56275,0.9286194,1.45119996735
3312.5900250015547,idle,2,1.56275,0.9286194,1.45119996735
3316.7323360103182,idle,2,1.53596,0.9280821,1.425496982316
3321.8223420117283,idle,2,2.61649,0.9283507,2.4290203230430003
3329.3186020018766,idle,2,2.75937,0.928888,2.5631456805600004
3333.6799480021,idle,2,2.47361,0.9283507,2.296377575027
3338.3582350070355,idle,2,2.44682,0.928888,2.2728217361600005
3345.6224980036495,idle,2,2.60756,0.9283507,2.4207301512919996
3350.0592130003497,idle,2,2.72365,0.9286194,2.52923422881
3354.692001012154,idle,2,2.74151,0.928888,2.54655574088
3358.898405000218,idle,2,2.59863,0.9286194,2.413138231422
3366.370295014349,idle,2,2.51826,0.9283507,2.337828433782
3377.31922500825,idle,2,2.55398,0.9294252,2.373733372296
3381.915365011082,idle,2,2.71472,0.9286194,2.5209416575679997
3387.535421003122,idle,2,2.54505,0.9286194,2.36338280397
3406.6664740093984,idle,2,2.62542,0.9291566,2.439426320772
3411.4309280121233,idle,2,2.58077,0.9304997,2.401405710769
3415.95566101023,idle,2,2.7683,0.928888,2.5714406504
3420.402803007164,idle,2,2.65221,0.928888,2.4636060424800004
3425.708270005998,idle,2,2.77723,0.9294252,2.581227548196
3430.1756890054094,idle,2,2.67007,0.9294252,2.481630343764
3434.446684012073,idle,2,3.02727,0.9291566,2.812807900482
3439.516559999902,idle,2,2.43789,0.9280821,2.262562070769
3443.703575001564,idle,2,2.57184,0.9286194,2.3882605176959997
3448.1605680048233,idle,2,2.88439,0.9302311,2.6831492825289995
3454.2766750091687,idle,2,2.59863,0.9294252,2.415232207476
3465.521139005432,idle,2,2.30394,0.9294252,2.1413398952879996
3470.8304580126423,idle,2,2.38431,0.9275449,2.211554580519
3475.4967270127963,idle,2,2.48254,0.9304997,2.310002725238
3481.8156830006046,idle,2,2.60756,0.9286194,2.4214308026639997
3491.732012000284,idle,2,2.60756,0.9286194,2.4214308026639997
3496.089247011696,idle,2,2.89332,0.928888,2.6875702281600002
3504.9785310111474,idle,2,2.65221,0.9280821,2.4614686264410004
3510.2352390094893,idle,2,2.60756,0.9278135,2.41932937006
3516.250143002253,idle,2,2.39324,0.9283507,2.221766029268
3521.972790011205,idle,2,2.679,0.9283507,2.4870515252999996
3527.6602530066157,idle,2,2.51826,0.9291566,2.339857899516
3532.454095009598,idle,2,2.70579,0.931037,2.51919060423
3537.9414490016643,idle,2,2.70579,0.9304997,2.517736783263
3542.600292013958,idle,2,2.77723,0.9286194,2.578989656262
3547.0766560029006,idle,2,2.39324,0.9294252,2.224337565648
3552.4098070018226,idle,2,2.72365,0.9275449,2.526307666885
3556.5237120026723,idle,2,2.54505,0.9286194,2.36338280397
3564.101804004167,idle,2,2.7683,0.9291566,2.57218421578
3569.7206200129585,idle,2,2.79509,0.9286194,2.595574798746
3574.674830000731,idle,2,2.45575,0.9283507,2.279797231525
3578.769790008664,idle,2,2.75044,0.928888,2.5548507107200003
3583.7962230143603,idle,2,2.68793,0.9291566,2.4975078998380003
3587.894849013537,idle,2,2.89332,0.9294252,2.689124519664
3593.1392240017885,idle,2,2.34859,0.9286194,2.180946236646
3599.4636800023727,idle,2,2.62542,0.9283507,2.437310494794
3603.5935660038376,idle,2,2.75937,0.928888,2.5631456805600004
3607.8574690036476,idle,2,2.74151,0.9283507,2.545082727557
3613.6465050076367,idle,2,2.56291,0.9291566,2.381344741706
3618.087998009287,idle,2,2.63435,0.9270077,2.442062734495
3652.965898014372,idle,2,2.58077,0.9291566,2.397939478582
3691.6102420073003,idle,2,2.64328,0.9283507,2.4538908382959996
3696.3757510093274,idle,2,3.47377,0.928888,3.2267432677600003
3701.1141670081997,idle,2,2.5897,0.9294252,2.40693244044
3707.377828002791,idle,2,2.60756,0.9291566,2.422831583896
3715.5297300050734,idle,2,2.72365,0.9280821,2.5277708116650004
3719.8600210103905,idle,2,2.5004,0.9283507,2.3212480902799997
3735.3229810105404,idle,2,2.77723,0.9286194,2.578989656262
3743.8163600018015,idle,2,2.15213,0.9286194,1.9985096693220001
3748.3088910084916,idle,2,2.80402,0.928888,2.60462052976
3752.863216010155,idle,2,2.77723,0.9291566,2.580481584218
3763.7624990020413,idle,2,2.75044,0.9286194,2.554111942536
3805.2594260079786,idle,2,4.42035,0.928888,4.1060100708
3813.8283420121297,idle,2,2.89332,0.9280821,2.685238501572
3818.274762001238,idle,2,2.83974,0.9283507,2.636274616818
3822.6225710095605,idle,2,2.8576,0.9280821,2.6520874089600004
3827.0059540082,idle,2,2.79509,0.9280821,2.594072996889
3831.2723750132136,idle,2,2.83081,0.928888,2.6295054392800004
3835.6082960090134,idle,2,2.84867,0.9283507,2.644564788569
3841.6688470024383,idle,2,2.63435,0.928888,2.4470161028
3847.6451780006755,idle,2,2.45575,0.9294252,2.2824359349
3852.3107990040444,idle,2,2.52719,0.928888,2.34747646472
3864.9649530125316,idle,2,2.45575,0.9270077,2.276499159275
3871.3429830095265,idle,2,2.77723,0.9291566,2.580481584218
3875.825643001008,idle,2,2.80402,0.928888,2.60462052976
3881.103276013164,idle,2,2.83081,0.9283507,2.627984445067
3885.6712320121005,idle,2,2.83974,0.9294252,2.6393259174479997
3890.2571680082474,idle,2,2.80402,0.928888,2.60462052976
3907.822830005898,idle,2,2.48254,0.928888,2.3060016155200005
3944.2080480075674,idle,2,2.46468,0.9283507,2.288087403276
3950.245026004268,idle,2,2.62542,0.9291566,2.439426320772
3963.9749280031538,idle,2,2.60756,0.9280821,2.420029760676
3968.187109014252,idle,2,2.73258,0.9280821,2.536058584818
3972.367809008574,idle,2,2.65221,0.9280821,2.4614686264410004
3977.4125190015184,idle,2,2.65221,0.9278135,2.460756242835
3981.636756012449,idle,2,2.52719,0.928888,2.34747646472
3987.4569390085526,idle,2,2.5897,0.9294252,2.40693244044
3992.7077400061535,idle,2,2.90225,0.9283507,2.6943058190749998
3999.692301003961,idle,2,2.68793,0.9286194,2.496063943842
4004.2037760140374,idle,2,2.679,0.9283507,2.4870515252999996
4008.281458009151,idle,2,2.75044,0.9291566,2.5555894789040003
4012.5174160057213,idle,2,2.67007,0.9291566,2.480913162962
4017.0321500045247,idle,2,2.70579,0.9280821,2.511195265359
4034.6556440053973,idle,2,2.61649,0.9291566,2.4311289523340003
4038.7515670008725,idle,2,2.72365,0.9294252,2.53142894598
4042.6985660014907,idle,2,2.73258,0.928888,2.53826077104
4046.6215270134853,idle,2,2.74151,0.9291566,2.547292110466
4050.51367401029,idle,2,2.75937,0.9275449,2.559439570713
4054.418155006715,idle,2,2.72365,0.9294252,2.53142894598
4058.3063020021655,idle,2,2.70579,0.9286194,2.512649086326
4062.200467000366,idle,2,2.72365,0.9291566,2.5306973735900002
4066.128040009062,idle,2,2.72365,0.928888,2.5299658012000004
4071.0289000126068,idle,2,2.63435,0.9283507,2.445600666545
4076.5356050105765,idle,2,2.75044,0.9286194,2.554111942536
4081.971922001685,idle,2,2.75044,0.9294252,2.556328247088
4087.6693290047115,idle,2,2.75044,0.9283507,2.553372899308
4093.2689040055266,idle,2,2.60756,0.928888,2.42213119328
4100.75229400536,idle,2,2.67007,0.9286194,2.479478801358
4131.585140014067,idle,2,2.68793,0.9286194,2.496063943842
4136.978569003986,idle,2,2.60756,0.9294252,2.4235319745119996
4176.4940900029615,idle,2,2.68793,0.9283507,2.4953416970510003
4206.742294001742,idle,2,2.7683,0.9280821,2.56920967743
4213.444099004846,idle,2,2.46468,0.9286194,2.288749662792
4217.979388005915,idle,2,2.68793,0.9294252,2.498229877836
4223.19246600091,idle,2,2.679,0.9291566,2.4892105314
4227.538164006546,idle,2,2.79509,0.9283507,2.594823758063
4233.8451580144465,idle,2,3.49163,0.9294252,3.245208911076
4244.056855008239,idle,2,2.67007,0.9291566,2.480913162962
4253.291431014077,idle,2,2.60756,0.9286194,2.4214308026639997
4258.16175401269,idle,2,2.46468,0.9275449,2.286101364132
4275.667101013823,idle,2,2.57184,0.9286194,2.3882605176959997
4289.375615000608,idle,2,2.75044,0.9286194,2.554111942536
4294.261141010793,idle,2,2.51826,0.928888,2.3391814948800005
4304.270766006084,idle,2,2.77723,0.9283507,2.578243414561
4309.225069009699,idle,2,2.67007,0.9291566,2.480913162962
4314.215613005217,idle,2,2.59863,0.9296938,2.415930199494
4321.1248780135065,idle,2,2.679,0.9294252,2.4899301107999996
4328.6365830135765,idle,2,2.48254,0.9294252,2.307335236008
4334.409526010859,idle,2,2.77723,0.9291566,2.580481584218
4338.643614013563,idle,2,2.679,0.9283507,2.4870515252999996
4348.941810007091,idle,2,2.43789,0.9294252,2.265836400828
4355.459524012986,idle,2,2.67007,0.9291566,2.480913162962
4366.86602300324,idle,2,2.77723,0.928888,2.57973562024
4376.510336005595,idle,2,2.37538,0.928888,2.20646197744
4392.797122010961,idle,2,2.80402,0.9291566,2.605373689532
4562.9811600083485,idle,2,2.45575,0.9291566,2.28177632045
4567.93922300858,idle,2,2.69686,0.9286194,2.504356515084
4574.1698470083065,idle,2,2.62542,0.928888,2.43872113296
4578.440583005431,idle,2,2.54505,0.9286194,2.36338280397
4586.308247002307,idle,2,2.68793,0.9286194,2.496063943842
4590.911553008482,idle,2,2.52719,0.9283507,2.346118605533
4598.047539009713,idle,2,2.58077,0.928888,2.39724628376
4603.667373012286,idle,2,2.65221,0.9286194,2.462893658874
4612.371992014232,idle,2,2.63435,0.9280821,2.444893080135
4629.930338007398,idle,2,2.74151,0.9286194,2.545819371294
4636.148463003337,idle,2,2.7683,0.9283507,2.56995324281
4642.087997010094,idle,2,3.44698,0.9294252,3.2037100758959998
4646.45054700668,idle,2,2.54505,0.9280821,2.362015348605
4664.662295006565,idle,2,2.63435,0.9283507,2.445600666545
4669.415674012271,idle,2,2.56291,0.928888,2.38065634408
4680.4701590008335,idle,2,2.60756,0.928888,2.42213119328
4689.2868320137495,idle,2,2.72365,0.9296938,2.53216051837
4693.322755003464,idle,2,2.82188,0.9296938,2.623484340344
4697.415845002979,idle,2,2.83081,0.9280821,2.627224089501
4707.464783001342,idle,2,4.31319,0.9286194,4.005311909885999
4715.416113001993,idle,2,5.74199,0.9291566,5.335207905634
4726.637818006566,idle,2,4.92043,0.9307683,4.579780266368999
4739.990743008093,idle,2,7.53692,0.9294252,7.005003378384
4746.508568001445,idle,2,3.32196,0.928888,3.0857287804799998
4750.813730002847,idle,2,4.05422,0.928888,3.76591630736
4762.616040010471,idle,2,3.31303,0.9248587,3.064084618861
4774.8255870101275,idle,2,4.21496,0.9280821,3.911828928216
4782.044591003796,idle,2,5.39372,0.9342604,5.039139004688
4790.756746006082,idle,2,9.876579,0.9275449,9.160970480897099
4795.984158001374,idle,2,4.85792,0.9294252,4.5150732675839995
4800.594817003002,idle,2,5.03652,0.9304997,4.686480349044
4804.9081260105595,idle,2,4.36677,0.9286194,4.0550673373379995
4811.087455003872,idle,2,4.24175,0.9296938,3.9435286761499997
4822.227012002259,idle,2,5.22405,0.9313055,4.865186497275
4829.65277301264,idle,2,4.70611,0.9259331,4.357543021241
4838.340466012596,idle,2,8.63531,0.9291566,8.023555279546
4843.394268013071,idle,2,3.59879,0.928888,3.3428728455200005
4850.311127011082,idle,2,7.0547,0.9291566,6.55492106602
4856.07255200739,idle,2,5.37586,0.9304997,5.002236117242001
4862.265287010814,idle,2,4.75969,0.9302311,4.4276116643589996
4866.991982009495,idle,2,5.06331,0.9286194,4.701887894214
4872.316041000886,idle,2,6.29565,0.928888,5.8479537372
4876.8797560042,idle,2,4.90257,0.9304997,4.561839914229
4886.084832003689,idle,2,5.65269,0.9296938,5.2552708463219995
4891.3083740044385,idle,2,4.72397,0.9294252,4.390576762044
4901.962362011545,idle,2,5.64376,0.9280821,5.237872632696001
4908.598704001633,idle,2,7.01898,0.9280821,6.514189698258
4914.3688150070375,idle,2,4.96508,0.9294252,4.614670472016
4919.4153950084,idle,2,4.67039,0.9291566,4.339523693074001
4925.89064600179,idle,2,4.33105,0.9313055,4.033530685775
4931.579702009913,idle,2,9.305059,0.9304997,8.6583546079823
4936.892261001049,idle,2,7.02791,0.9286194,6.526253567454
4941.379143012455,idle,2,4.92936,0.9280821,4.574850780456
4946.040283000912,idle,2,9.56403,0.9296938,8.891619394014
4951.249602003372,idle,2,9.06395,0.9286194,8.41695981063
4956.428681005491,idle,2,5.6259,0.9291566,5.22734211594
4963.631129008718,idle,2,9.6444,0.9299625,8.968930335
4972.045917005744,idle,2,9.662259,0.9286194,8.9725611552246
4982.261539000319,idle,2,7.38511,0.9304997,6.871842639467
4987.468359002378,idle,2,9.867649,0.928888,9.165940744312001
4993.544151002425,idle,2,4.21496,0.928888,3.9152257644799997
4998.998820010456,idle,2,7.17079,0.9331858,6.6916794027819995
5005.561459009186,idle,2,4.60788,0.9291566,4.281442114008
5011.76375101204,idle,2,8.36741,0.9291566,7.7746342264059995
5022.173667006427,idle,2,5.17047,0.9286194,4.8013987491179995
5029.639816013514,idle,2,5.32228,0.928888,4.94380202464
5036.045439002919,idle,2,4.32212,0.9286194,4.013604481128
5041.009742009919,idle,2,5.304419,0.9307683,4.9371850551177
5045.348885003477,idle,2,2.75937,0.9291566,2.5638868473420002
5049.641991005046,idle,2,2.75044,0.9280821,2.5526341311240004
5053.7953580060275,idle,2,2.83974,0.928888,2.63780040912
5057.908355011023,idle,2,2.72365,0.9294252,2.53142894598
5062.041814002441,idle,2,2.75044,0.9291566,2.5555894789040003
5066.226866008947,idle,2,2.70579,0.9286194,2.512649086326
5100.38290200464,idle,2,2.74151,0.928888,2.54655574088
5144.239843008108,idle,2,2.81295,0.9286194,2.61215994123
5192.398817001958,idle,2,2.77723,0.9286194,2.578989656262
5211.112448014319,idle,2,2.77723,0.928888,2.57973562024
5215.191520008375,idle,2,2.84867,0.9304997,2.650686580399
5219.219832011731,idle,2,2.84867,0.9280821,2.643799635807
5226.621500012698,idle,2,4.89364,0.9280821,4.541699687844001
5236.623366014101,idle,2,4.74183,0.928888,4.40462898504
5242.339976000949,idle,2,6.42067,0.9291566,5.9658079069220005
5254.391803013277,idle,2,5.07224,0.9270077,4.7020055362479996
5259.613252012059,idle,2,3.7506,0.9291566,3.48489474396
5265.341529011494,idle,2,3.95599,0.9286194,3.6736090602059996
5274.706215001061,idle,2,7.77803,0.9294252,7.229097088356
5281.000320013845,idle,2,5.75092,0.9294252,5.345049971183999
5287.035206012661,idle,2,6.54569,0.9280821,6.074937721148999
5292.463467005291,idle,2,3.87562,0.9304997,3.606263247314
5298.361539011239,idle,2,3.98278,0.9286194,3.6984867739319998
5306.162833003327,idle,2,5.304419,0.9280821,4.922936324799901
5314.513307006564,idle,2,9.53724,0.9283507,8.853903430068
5319.109818010475,idle,2,5.28656,0.9326486,4.930502782816
5323.628977013868,idle,2,4.89364,0.9275449,4.539070824436
5329.681825009175,idle,2,8.18881,0.9299625,7.615286219625
5334.567796002375,idle,2,7.36725,0.928888,6.843350118000001
5339.499248002539,idle,2,3.92027,0.9296938,3.644650713326
5343.882224013214,idle,2,4.24175,0.9291566,3.94125000805
5348.417105007684,idle,2,2.90225,0.9291566,2.69664474235
5354.187030010507,idle,2,6.47425,0.9304997,6.024287682725
5362.349154005642,idle,2,4.47393,0.9283507,4.153376047251
5371.549694013083,idle,2,5.91166,0.9307683,5.502385728378
5377.516876003938,idle,2,8.50136,0.9280821,7.889960041656
5382.404773001326,idle,2,9.072879,0.9321114,8.4569339467206
5387.99068100343,idle,2,5.0008,0.928888,4.6451831104000005
5394.501728005707,idle,2,5.79557,0.9294252,5.386548806363999
5398.8908150058705,idle,2,5.03652,0.9291566,4.679715799032
5406.339020002633,idle,2,4.92936,0.9315742,4.592064598512
5410.886772006052,idle,2,4.67932,0.9369466,4.384272964311999
5416.797399011557,idle,2,9.08181,0.928888,8.435984327280002
5422.495010003331,idle,2,9.296129,0.9326486,8.670021697269402
5427.603793010348,idle,2,4.32212,0.928888,4.01476540256
5434.559688001173,idle,2,4.94722,0.9296938,4.599399761236
5442.043634000584,idle,2,4.74183,0.9291566,4.405902640578001
5447.687986001256,idle,2,5.31335,0.9299625,4.941216249375
5457.170578010846,idle,2,4.89364,0.9299625,4.550901688500001
5462.413490007748,idle,2,4.84006,0.9294252,4.498473733512
5468.527486009407,idle,2,7.08149,0.9275449,6.5683999339009995
5472.787925013108,idle,2,3.36661,0.928888,3.1272036296800003
5482.447960006539,idle,2,5.13475,0.9296938,4.77374523955
5487.269117002143,idle,2,5.07224,0.9291566,4.712905272784
5494.37673301145,idle,2,4.95615,0.928888,4.6037082612
5502.23724800162,idle,2,4.08994,0.928888,3.7990961867200004
5510.6377030024305,idle,2,4.78648,0.9296938,4.449960779824
5522.716270003002,idle,2,4.20603,0.9294252,3.909190273956
5530.368288003956,idle,2,5.86701,0.9294252,5.452946942651999
5537.850974011235,idle,2,4.33105,0.9286194,4.02189705237
5543.689158002962,idle,2,5.33121,0.9283507,4.949232535346999
5549.707395010046,idle,2,4.90257,0.9294252,4.556572102764
5554.884381010197,idle,2,4.34891,0.9286194,4.038482194854
5560.626344013144,idle,2,5.92059,0.9259331,5.482070252529
5565.393501005019,idle,2,2.84867,0.9294252,2.647625684484
5569.560330011882,idle,2,2.90225,0.9291566,2.69664474235
5573.7799370108405,idle,2,2.91118,0.9294252,2.7057240537359997
5578.044081004919,idle,2,2.89332,0.9291566,2.6883473739120003
5582.23115101282,idle,2,2.92904,0.9283507,2.719176334328
5586.231927009067,idle,2,2.91118,0.928888,2.70416016784
5590.578606002964,idle,2,2.92011,0.9286194,2.7116707961340003
5594.740788001218,idle,2,2.92904,0.9294252,2.722323587808
5599.019653003779,idle,2,2.8576,0.9294252,2.65592545152
5603.4602760046255,idle,2,2.9469,0.9283507,2.73575667783
5607.654050007113,idle,2,2.90225,0.9286194,2.69508565365
5611.859120006557,idle,2,2.78616,0.9286194,2.587282227504
5616.659240011359,idle,2,3.09871,0.9283507,2.876689597597
5624.623755007633,idle,2,2.64328,0.928888,2.45531107264
5630.02662800136,idle,2,2.84867,0.9283507,2.644564788569
5634.129088008194,idle,2,2.87546,0.9286194,2.670207939924
5638.202344009187,idle,2,2.92011,0.9280821,2.7101018210310004
5642.1761750098085,idle,2,2.97369,0.9283507,2.7606271930829998
5646.441819000756,idle,2,2.99155,0.928888,2.7788148964
5654.3019830132835,idle,2,2.92904,0.9291566,2.7215368476640003
5662.4855320114875,idle,2,2.79509,0.9286194,2.595574798746
