path,config_id,class,config_json,input_shapes,input_dtypes,out_shapes,callsite,mode,leaf,params,macs,bytes_moved,arith_intensity,t_eff,seq_len,count,lat_mean_ms,lat_median_ms,lat_std_ms
0,42e23db398da4558,Conv,"{""class"": ""Conv""}","[[1, 3, 640, 640]]","[""torch.float32""]","[[1, 16, 320, 320]]",0,forward,False,464,,11470656,,1,1,30,20.2655,20.2094,0.7427
0.conv,9cdad4ecc7ebcdf4,Conv2d,"{""class"": ""Conv2d"", ""dilation"": [1, 1], ""groups"": 1, ""has_bias"": false, ""in_channels"": 3, ""kernel_size"": [3, 3], ""out_channels"": 16, ""padding"": [1, 1], ""stride"": [2, 2]}","[[1, 3, 640, 640]]","[""torch.float32""]","[[1, 16, 320, 320]]",0.conv,forward,True,432,44236800,11470528,3.8566,409600,409600,30,15.3554,15.3077,0.8285
0.bn,4d16d3476d6bde56,BatchNorm2d,"{""class"": ""BatchNorm2d"", ""eps"": 0.001, ""has_bias"": true, ""momentum"": 0.03}","[[1, 16, 320, 320]]","[""torch.float32""]","[[1, 16, 320, 320]]",0.bn,forward,True,32,3276800,13107328,0.25,102400,102400,30,2.0944,2.0449,0.1436
0.act,4db31c995deacda7,SiLU,"{""class"": ""SiLU""}","[[1, 16, 320, 320]]","[""torch.float32""]","[[1, 16, 320, 320]]",0.act,forward,True,0,1638400,13107200,0.125,102400,102400,30,2.4704,2.5043,0.5547
0.act,1af6076372ad4ede,SiLU,"{""class"": ""SiLU""}","[[1, 32, 160, 160]]","[""torch.float32""]","[[1, 32, 160, 160]]",0.act,forward,True,0,819200,6553600,0.125,25600,25600,90,1.0975,1.0039,0.2915
0.act,b52c7cb8ebd45185,SiLU,"{""class"": ""SiLU""}","[[1, 16, 160, 160]]","[""torch.float32""]","[[1, 16, 160, 160]]",0.act,forward,True,0,409600,3276800,0.125,25600,25600,60,0.6079,0.5133,0.2414
0.act,6da5ee22b7e1d3cf,SiLU,"{""class"": ""SiLU""}","[[1, 64, 80, 80]]","[""torch.float32""]","[[1, 64, 80, 80]]",0.act,forward,True,0,409600,3276800,0.125,6400,6400,210,0.6524,0.5157,0.2882
0.act,00936e39faf3f98f,SiLU,"{""class"": ""SiLU""}","[[1, 32, 80, 80]]","[""torch.float32""]","[[1, 32, 80, 80]]",0.act,forward,True,0,204800,1638400,0.125,6400,6400,180,0.3939,0.2709,0.248
0.act,dfa6db07a9cf4be1,SiLU,"{""class"": ""SiLU""}","[[1, 128, 40, 40]]","[""torch.float32""]","[[1, 128, 40, 40]]",0.act,forward,True,0,204800,1638400,0.125,1600,1600,210,0.3205,0.2663,0.1991
0.act,4ea83264d9ea3f5c,SiLU,"{""class"": ""SiLU""}","[[1, 64, 40, 40]]","[""torch.float32""]","[[1, 64, 40, 40]]",0.act,forward,True,0,102400,819200,0.125,1600,1600,330,0.2256,0.1458,0.2267
0.act,a44d02841d8ceadb,SiLU,"{""class"": ""SiLU""}","[[1, 256, 20, 20]]","[""torch.float32""]","[[1, 256, 20, 20]]",0.act,forward,True,0,102400,819200,0.125,400,400,180,0.2244,0.1456,0.2141
0.act,0da1c08a8fae32e5,SiLU,"{""class"": ""SiLU""}","[[1, 128, 20, 20]]","[""torch.float32""]","[[1, 128, 20, 20]]",0.act,forward,True,0,51200,409600,0.125,400,400,180,0.1995,0.1424,0.1858
0.act,9dd2d8c74af91af8,SiLU,"{""class"": ""SiLU""}","[[1, 64, 20, 20]]","[""torch.float32""]","[[1, 64, 20, 20]]",0.act,forward,True,0,25600,204800,0.125,400,400,60,0.133,0.1274,0.0151
0.act,65418290bafe418a,SiLU,"{""class"": ""SiLU""}","[[1, 80, 80, 80]]","[""torch.float32""]","[[1, 80, 80, 80]]",0.act,forward,True,0,512000,4096000,0.125,6400,6400,60,0.7897,0.6391,0.3816
0.act,70499828149a886f,SiLU,"{""class"": ""SiLU""}","[[1, 80, 40, 40]]","[""torch.float32""]","[[1, 80, 40, 40]]",0.act,forward,True,0,128000,1024000,0.125,1600,1600,60,0.3097,0.1799,0.2645
0.act,4e53e2f3fa50e788,SiLU,"{""class"": ""SiLU""}","[[1, 80, 20, 20]]","[""torch.float32""]","[[1, 80, 20, 20]]",0.act,forward,True,0,32000,256000,0.125,400,400,60,0.1645,0.1508,0.0565
1,e2cf841038d442ab,Conv,"{""class"": ""Conv""}","[[1, 16, 320, 320]]","[""torch.float32""]","[[1, 32, 160, 160]]",1,forward,False,4672,,9849088,,1,1,30,13.691,13.2768,1.3485
1.conv,2b623d1b1ee73297,Conv2d,"{""class"": ""Conv2d"", ""dilation"": [1, 1], ""groups"": 1, ""has_bias"": false, ""in_channels"": 16, ""kernel_size"": [3, 3], ""out_channels"": 32, ""padding"": [1, 1], ""stride"": [2, 2]}","[[1, 16, 320, 320]]","[""torch.float32""]","[[1, 32, 160, 160]]",1.conv,forward,True,4608,117964800,9848832,11.9775,102400,102400,30,11.3704,10.7545,1.367
1.bn,3048f0eb678ef04e,BatchNorm2d,"{""class"": ""BatchNorm2d"", ""eps"": 0.001, ""has_bias"": true, ""momentum"": 0.03}","[[1, 32, 160, 160]]","[""torch.float32""]","[[1, 32, 160, 160]]",1.bn,forward,True,64,1638400,6553856,0.25,25600,25600,30,0.9806,0.8911,0.2488
2,82c9d69c141b9cb8,C2f,"{""class"": ""C2f""}","[[1, 32, 160, 160]]","[""torch.float32""]","[[1, 32, 160, 160]]",2,forward,False,7360,,6583040,,1,1,30,35.6587,34.6434,2.2261
2.cv1,ea61c0287e4f03da,Conv,"{""class"": ""Conv""}","[[1, 32, 160, 160]]","[""torch.float32""]","[[1, 32, 160, 160]]",2.cv1,forward,False,1088,,6557952,,1,1,30,10.1762,9.9187,0.6575
2.cv1.conv,672813b148be80db,Conv2d,"{""class"": ""Conv2d"", ""dilation"": [1, 1], ""groups"": 1, ""has_bias"": false, ""in_channels"": 32, ""kernel_size"": [1, 1], ""out_channels"": 32, ""padding"": [0, 0], ""stride"": [1, 1]}","[[1, 32, 160, 160]]","[""torch.float32""]","[[1, 32, 160, 160]]",2.cv1.conv,forward,True,1024,26214400,6557696,3.9975,25600,25600,30,7.8954,7.7311,0.3974
2.cv1.bn,3048f0eb678ef04e,BatchNorm2d,"{""class"": ""BatchNorm2d"", ""eps"": 0.001, ""has_bias"": true, ""momentum"": 0.03}","[[1, 32, 160, 160]]","[""torch.float32""]","[[1, 32, 160, 160]]",2.cv1.bn,forward,True,64,1638400,6553856,0.25,25600,25600,30,0.9465,0.8901,0.1587
2.cv2,e32c333ba99dc233,Conv,"{""class"": ""Conv""}","[[1, 48, 160, 160]]","[""torch.float32""]","[[1, 32, 160, 160]]",2.cv2,forward,False,1600,,8198400,,1,1,30,11.2381,11.0727,0.8557
2.cv2.conv,efa3a1ff64809652,Conv2d,"{""class"": ""Conv2d"", ""dilation"": [1, 1], ""groups"": 1, ""has_bias"": false, ""in_channels"": 48, ""kernel_size"": [1, 1], ""out_channels"": 32, ""padding"": [0, 0], ""stride"": [1, 1]}","[[1, 48, 160, 160]]","[""torch.float32""]","[[1, 32, 160, 160]]",2.cv2.conv,forward,True,1536,39321600,8198144,4.7964,25600,25600,30,8.7274,8.5393,0.8534
2.cv2.bn,3048f0eb678ef04e,BatchNorm2d,"{""class"": ""BatchNorm2d"", ""eps"": 0.001, ""has_bias"": true, ""momentum"": 0.03}","[[1, 32, 160, 160]]","[""torch.float32""]","[[1, 32, 160, 160]]",2.cv2.bn,forward,True,64,1638400,6553856,0.25,25600,25600,30,1.1764,1.0782,0.2074
2.m.0,7a1322299d728301,Bottleneck,"{""class"": ""Bottleneck""}","[[1, 16, 160, 160]]","[""torch.float32""]","[[1, 16, 160, 160]]",2.m.0,forward,False,4672,,3295488,,1,1,30,12.1956,11.578,1.5624
2.m.0.cv1,d796adc0a54e5a83,Conv,"{""class"": ""Conv""}","[[1, 16, 160, 160]]","[""torch.float32""]","[[1, 16, 160, 160]]",2.m.0.cv1,forward,False,2336,,3286144,,1,1,30,5.7462,5.4371,1.0123
2.m.0.cv1.conv,f56bb57822b71c92,Conv2d,"{""class"": ""Conv2d"", ""dilation"": [1, 1], ""groups"": 1, ""has_bias"": false, ""in_channels"": 16, ""kernel_size"": [3, 3], ""out_channels"": 16, ""padding"": [1, 1], ""stride"": [1, 1]}","[[1, 16, 160, 160]]","[""torch.float32""]","[[1, 16, 160, 160]]",2.m.0.cv1.conv,forward,True,2304,58982400,3286016,17.9495,25600,25600,30,4.5883,4.3228,0.9752
2.m.0.cv1.bn,89999fdd195d9fdf,BatchNorm2d,"{""class"": ""BatchNorm2d"", ""eps"": 0.001, ""has_bias"": true, ""momentum"": 0.03}","[[1, 16, 160, 160]]","[""torch.float32""]","[[1, 16, 160, 160]]",2.m.0.cv1.bn,forward,True,32,819200,3276928,0.25,25600,25600,30,0.365,0.3027,0.1168
2.m.0.cv2,d796adc0a54e5a83,Conv,"{""class"": ""Conv""}","[[1, 16, 160, 160]]","[""torch.float32""]","[[1, 16, 160, 160]]",2.m.0.cv2,forward,False,2336,,3286144,,1,1,30,5.4404,5.1195,1.2041
2.m.0.cv2.conv,f56bb57822b71c92,Conv2d,"{""class"": ""Conv2d"", ""dilation"": [1, 1], ""groups"": 1, ""has_bias"": false, ""in_channels"": 16, ""kernel_size"": [3, 3], ""out_channels"": 16, ""padding"": [1, 1], ""stride"": [1, 1]}","[[1, 16, 160, 160]]","[""torch.float32""]","[[1, 16, 160, 160]]",2.m.0.cv2.conv,forward,True,2304,58982400,3286016,17.9495,25600,25600,30,4.1197,3.9678,0.9499
2.m.0.cv2.bn,89999fdd195d9fdf,BatchNorm2d,"{""class"": ""BatchNorm2d"", ""eps"": 0.001, ""has_bias"": true, ""momentum"": 0.03}","[[1, 16, 160, 160]]","[""torch.float32""]","[[1, 16, 160, 160]]",2.m.0.cv2.bn,forward,True,32,819200,3276928,0.25,25600,25600,30,0.463,0.3195,0.2228
3,ea61c0287e4f03da,Conv,"{""class"": ""Conv""}","[[1, 32, 160, 160]]","[""torch.float32""]","[[1, 64, 80, 80]]",3,forward,False,18560,,4989440,,1,1,30,7.7652,7.2797,1.0032
3.conv,405424c2701c11ba,Conv2d,"{""class"": ""Conv2d"", ""dilation"": [1, 1], ""groups"": 1, ""has_bias"": false, ""in_channels"": 32, ""kernel_size"": [3, 3], ""out_channels"": 64, ""padding"": [1, 1], ""stride"": [2, 2]}","[[1, 32, 160, 160]]","[""torch.float32""]","[[1, 64, 80, 80]]",3.conv,forward,True,18432,117964800,4988928,23.6453,25600,25600,30,6.1719,5.8711,0.983
3.bn,b4e6b6fa38e26912,BatchNorm2d,"{""class"": ""BatchNorm2d"", ""eps"": 0.001, ""has_bias"": true, ""momentum"": 0.03}","[[1, 64, 80, 80]]","[""torch.float32""]","[[1, 64, 80, 80]]",3.bn,forward,True,128,819200,3277312,0.25,6400,6400,30,0.6824,0.6079,0.1934
4,1478c62f92a408d5,C2f,"{""class"": ""C2f""}","[[1, 64, 80, 80]]","[""torch.float32""]","[[1, 64, 80, 80]]",4,forward,False,49664,,3475456,,1,1,30,29.6061,27.5033,4.668
4.cv1,8edda4b0b28cfff8,Conv,"{""class"": ""Conv""}","[[1, 64, 80, 80]]","[""torch.float32""]","[[1, 64, 80, 80]]",4.cv1,forward,False,4224,,3293696,,1,1,30,5.5104,5.2746,0.8084
4.cv1.conv,c2e52d32153d778d,Conv2d,"{""class"": ""Conv2d"", ""dilation"": [1, 1], ""groups"": 1, ""has_bias"": false, ""in_channels"": 64, ""kernel_size"": [1, 1], ""out_channels"": 64, ""padding"": [0, 0], ""stride"": [1, 1]}","[[1, 64, 80, 80]]","[""torch.float32""]","[[1, 64, 80, 80]]",4.cv1.conv,forward,True,4096,26214400,3293184,7.9602,6400,6400,30,4.0979,3.9902,0.6902
4.cv1.bn,b4e6b6fa38e26912,BatchNorm2d,"{""class"": ""BatchNorm2d"", ""eps"": 0.001, ""has_bias"": true, ""momentum"": 0.03}","[[1, 64, 80, 80]]","[""torch.float32""]","[[1, 64, 80, 80]]",4.cv1.bn,forward,True,128,819200,3277312,0.25,6400,6400,30,0.5651,0.4819,0.2447
4.cv2,da8d0714683d2cc2,Conv,"{""class"": ""Conv""}","[[1, 128, 80, 80]]","[""torch.float32""]","[[1, 64, 80, 80]]",4.cv2,forward,False,8320,,4948480,,1,1,30,6.2779,6.1356,1.0248
4.cv2.conv,dd5a72608038310f,Conv2d,"{""class"": ""Conv2d"", ""dilation"": [1, 1], ""groups"": 1, ""has_bias"": false, ""in_channels"": 128, ""kernel_size"": [1, 1], ""out_channels"": 64, ""padding"": [0, 0], ""stride"": [1, 1]}","[[1, 128, 80, 80]]","[""torch.float32""]","[[1, 64, 80, 80]]",4.cv2.conv,forward,True,8192,52428800,4947968,10.596,6400,6400,30,4.9884,4.8459,0.7912
4.cv2.bn,b4e6b6fa38e26912,BatchNorm2d,"{""class"": ""BatchNorm2d"", ""eps"": 0.001, ""has_bias"": true, ""momentum"": 0.03}","[[1, 64, 80, 80]]","[""torch.float32""]","[[1, 64, 80, 80]]",4.cv2.bn,forward,True,128,819200,3277312,0.25,6400,6400,30,0.4517,0.3702,0.192
4.m.0,d899a3676066aac1,Bottleneck,"{""class"": ""Bottleneck""}","[[1, 32, 80, 80]]","[""torch.float32""]","[[1, 32, 80, 80]]",4.m.0,forward,False,18560,,1712640,,1,1,30,7.988,6.9642,2.3477
4.m.0.cv1,a5cf2816ac5c4970,Conv,"{""class"": ""Conv""}","[[1, 32, 80, 80]]","[""torch.float32""]","[[1, 32, 80, 80]]",4.m.0.cv1,forward,False,9280,,1675520,,1,1,30,3.8006,3.3062,1.4156
4.m.0.cv1.conv,f016fabe75ce0c68,Conv2d,"{""class"": ""Conv2d"", ""dilation"": [1, 1], ""groups"": 1, ""has_bias"": false, ""in_channels"": 32, ""kernel_size"": [3, 3], ""out_channels"": 32, ""padding"": [1, 1], ""stride"": [1, 1]}","[[1, 32, 80, 80]]","[""torch.float32""]","[[1, 32, 80, 80]]",4.m.0.cv1.conv,forward,True,9216,58982400,1675264,35.2078,6400,6400,30,2.7612,2.1323,1.1508
4.m.0.cv1.bn,07e651876550e934,BatchNorm2d,"{""class"": ""BatchNorm2d"", ""eps"": 0.001, ""has_bias"": true, ""momentum"": 0.03}","[[1, 32, 80, 80]]","[""torch.float32""]","[[1, 32, 80, 80]]",4.m.0.cv1.bn,forward,True,64,409600,1638656,0.25,6400,6400,30,0.367,0.2621,0.2107
4.m.0.cv2,a5cf2816ac5c4970,Conv,"{""class"": ""Conv""}","[[1, 32, 80, 80]]","[""torch.float32""]","[[1, 32, 80, 80]]",4.m.0.cv2,forward,False,9280,,1675520,,1,1,30,3.6294,3.0614,1.2318
4.m.0.cv2.conv,f016fabe75ce0c68,Conv2d,"{""class"": ""Conv2d"", ""dilation"": [1, 1], ""groups"": 1, ""has_bias"": false, ""in_channels"": 32, ""kernel_size"": [3, 3], ""out_channels"": 32, ""padding"": [1, 1], ""stride"": [1, 1]}","[[1, 32, 80, 80]]","[""torch.float32""]","[[1, 32, 80, 80]]",4.m.0.cv2.conv,forward,True,9216,58982400,1675264,35.2078,6400,6400,30,2.7682,2.1427,1.1575
4.m.0.cv2.bn,07e651876550e934,BatchNorm2d,"{""class"": ""BatchNorm2d"", ""eps"": 0.001, ""has_bias"": true, ""momentum"": 0.03}","[[1, 32, 80, 80]]","[""torch.float32""]","[[1, 32, 80, 80]]",4.m.0.cv2.bn,forward,True,64,409600,1638656,0.25,6400,6400,30,0.3043,0.2738,0.08
4.m.1,d899a3676066aac1,Bottleneck,"{""class"": ""Bottleneck""}","[[1, 32, 80, 80]]","[""torch.float32""]","[[1, 32, 80, 80]]",4.m.1,forward,False,18560,,1712640,,1,1,30,8.241,7.3366,2.2619
4.m.1.cv1,a5cf2816ac5c4970,Conv,"{""class"": ""Conv""}","[[1, 32, 80, 80]]","[""torch.float32""]","[[1, 32, 80, 80]]",4.m.1.cv1,forward,False,9280,,1675520,,1,1,30,4.1622,3.4143,1.9208
4.m.1.cv1.conv,f016fabe75ce0c68,Conv2d,"{""class"": ""Conv2d"", ""dilation"": [1, 1], ""groups"": 1, ""has_bias"": false, ""in_channels"": 32, ""kernel_size"": [3, 3], ""out_channels"": 32, ""padding"": [1, 1], ""stride"": [1, 1]}","[[1, 32, 80, 80]]","[""torch.float32""]","[[1, 32, 80, 80]]",4.m.1.cv1.conv,forward,True,9216,58982400,1675264,35.2078,6400,6400,30,2.9082,2.5409,1.3633
4.m.1.cv1.bn,07e651876550e934,BatchNorm2d,"{""class"": ""BatchNorm2d"", ""eps"": 0.001, ""has_bias"": true, ""momentum"": 0.03}","[[1, 32, 80, 80]]","[""torch.float32""]","[[1, 32, 80, 80]]",4.m.1.cv1.bn,forward,True,64,409600,1638656,0.25,6400,6400,30,0.3965,0.2777,0.2521
4.m.1.cv2,a5cf2816ac5c4970,Conv,"{""class"": ""Conv""}","[[1, 32, 80, 80]]","[""torch.float32""]","[[1, 32, 80, 80]]",4.m.1.cv2,forward,False,9280,,1675520,,1,1,30,3.4585,3.2423,0.9856
4.m.1.cv2.conv,f016fabe75ce0c68,Conv2d,"{""class"": ""Conv2d"", ""dilation"": [1, 1], ""groups"": 1, ""has_bias"": false, ""in_channels"": 32, ""kernel_size"": [3, 3], ""out_channels"": 32, ""padding"": [1, 1], ""stride"": [1, 1]}","[[1, 32, 80, 80]]","[""torch.float32""]","[[1, 32, 80, 80]]",4.m.1.cv2.conv,forward,True,9216,58982400,1675264,35.2078,6400,6400,30,2.5734,2.0122,0.9305
4.m.1.cv2.bn,07e651876550e934,BatchNorm2d,"{""class"": ""BatchNorm2d"", ""eps"": 0.001, ""has_bias"": true, ""momentum"": 0.03}","[[1, 32, 80, 80]]","[""torch.float32""]","[[1, 32, 80, 80]]",4.m.1.cv2.bn,forward,True,64,409600,1638656,0.25,6400,6400,30,0.3575,0.259,0.2391
5,8edda4b0b28cfff8,Conv,"{""class"": ""Conv""}","[[1, 64, 80, 80]]","[""torch.float32""]","[[1, 128, 40, 40]]",5,forward,False,73984,,2753536,,1,1,30,5.3866,5.1399,0.9699
5.conv,a48ef18e2a119ae7,Conv2d,"{""class"": ""Conv2d"", ""dilation"": [1, 1], ""groups"": 1, ""has_bias"": false, ""in_channels"": 64, ""kernel_size"": [3, 3], ""out_channels"": 128, ""padding"": [1, 1], ""stride"": [2, 2]}","[[1, 64, 80, 80]]","[""torch.float32""]","[[1, 128, 40, 40]]",5.conv,forward,True,73728,117964800,2752512,42.8571,6400,6400,30,4.6189,4.4068,0.9343
5.bn,cac46b7b9ae7f883,BatchNorm2d,"{""class"": ""BatchNorm2d"", ""eps"": 0.001, ""has_bias"": true, ""momentum"": 0.03}","[[1, 128, 40, 40]]","[""torch.float32""]","[[1, 128, 40, 40]]",5.bn,forward,True,256,409600,1639424,0.2498,1600,1600,30,0.2735,0.2267,0.1459
6,53cfad224f49a11d,C2f,"{""class"": ""C2f""}","[[1, 128, 40, 40]]","[""torch.float32""]","[[1, 128, 40, 40]]",6,forward,False,197632,,2428928,,1,1,30,19.1597,16.1749,7.363
6.cv1,6cfe7a34bafabeb5,Conv,"{""class"": ""Conv""}","[[1, 128, 40, 40]]","[""torch.float32""]","[[1, 128, 40, 40]]",6.cv1,forward,False,16640,,1704960,,1,1,30,2.7606,2.415,0.7247
6.cv1.conv,392769084d185865,Conv2d,"{""class"": ""Conv2d"", ""dilation"": [1, 1], ""groups"": 1, ""has_bias"": false, ""in_channels"": 128, ""kernel_size"": [1, 1], ""out_channels"": 128, ""padding"": [0, 0], ""stride"": [1, 1]}","[[1, 128, 40, 40]]","[""torch.float32""]","[[1, 128, 40, 40]]",6.cv1.conv,forward,True,16384,26214400,1703936,15.3846,1600,1600,30,1.9621,1.6103,0.6517
6.cv1.bn,cac46b7b9ae7f883,BatchNorm2d,"{""class"": ""BatchNorm2d"", ""eps"": 0.001, ""has_bias"": true, ""momentum"": 0.03}","[[1, 128, 40, 40]]","[""torch.float32""]","[[1, 128, 40, 40]]",6.cv1.bn,forward,True,256,409600,1639424,0.2498,1600,1600,30,0.2864,0.1935,0.2283
6.cv2,fff0c455024bfce1,Conv,"{""class"": ""Conv""}","[[1, 256, 40, 40]]","[""torch.float32""]","[[1, 128, 40, 40]]",6.cv2,forward,False,33024,,2589696,,1,1,30,4.0339,3.7395,1.3273
6.cv2.conv,2fab533f5d92c7fa,Conv2d,"{""class"": ""Conv2d"", ""dilation"": [1, 1], ""groups"": 1, ""has_bias"": false, ""in_channels"": 256, ""kernel_size"": [1, 1], ""out_channels"": 128, ""padding"": [0, 0], ""stride"": [1, 1]}","[[1, 256, 40, 40]]","[""torch.float32""]","[[1, 128, 40, 40]]",6.cv2.conv,forward,True,32768,52428800,2588672,20.2532,1600,1600,30,3.2394,2.7926,1.1057
6.cv2.bn,cac46b7b9ae7f883,BatchNorm2d,"{""class"": ""BatchNorm2d"", ""eps"": 0.001, ""has_bias"": true, ""momentum"": 0.03}","[[1, 128, 40, 40]]","[""torch.float32""]","[[1, 128, 40, 40]]",6.cv2.bn,forward,True,256,409600,1639424,0.2498,1600,1600,30,0.2957,0.1818,0.2574
6.m.0,02436ef5d3114e46,Bottleneck,"{""class"": ""Bottleneck""}","[[1, 64, 40, 40]]","[""torch.float32""]","[[1, 64, 40, 40]]",6.m.0,forward,False,73984,,1115136,,1,1,30,5.7229,4.728,2.786
6.m.0.cv1,779f8899e994d313,Conv,"{""class"": ""Conv""}","[[1, 64, 40, 40]]","[""torch.float32""]","[[1, 64, 40, 40]]",6.m.0.cv1,forward,False,36992,,967168,,1,1,30,2.5905,2.1933,0.9835
6.m.0.cv1.conv,a769a037c9a074eb,Conv2d,"{""class"": ""Conv2d"", ""dilation"": [1, 1], ""groups"": 1, ""has_bias"": false, ""in_channels"": 64, ""kernel_size"": [3, 3], ""out_channels"": 64, ""padding"": [1, 1], ""stride"": [1, 1]}","[[1, 64, 40, 40]]","[""torch.float32""]","[[1, 64, 40, 40]]",6.m.0.cv1.conv,forward,True,36864,58982400,966656,61.0169,1600,1600,30,2.0205,1.674,0.83
6.m.0.cv1.bn,ed0c9ec6c9470d44,BatchNorm2d,"{""class"": ""BatchNorm2d"", ""eps"": 0.001, ""has_bias"": true, ""momentum"": 0.03}","[[1, 64, 40, 40]]","[""torch.float32""]","[[1, 64, 40, 40]]",6.m.0.cv1.bn,forward,True,128,204800,819712,0.2498,1600,1600,30,0.1813,0.1378,0.0983
6.m.0.cv2,779f8899e994d313,Conv,"{""class"": ""Conv""}","[[1, 64, 40, 40]]","[""torch.float32""]","[[1, 64, 40, 40]]",6.m.0.cv2,forward,False,36992,,967168,,1,1,30,2.7987,1.947,1.9751
6.m.0.cv2.conv,a769a037c9a074eb,Conv2d,"{""class"": ""Conv2d"", ""dilation"": [1, 1], ""groups"": 1, ""has_bias"": false, ""in_channels"": 64, ""kernel_size"": [3, 3], ""out_channels"": 64, ""padding"": [1, 1], ""stride"": [1, 1]}","[[1, 64, 40, 40]]","[""torch.float32""]","[[1, 64, 40, 40]]",6.m.0.cv2.conv,forward,True,36864,58982400,966656,61.0169,1600,1600,30,2.0491,1.4079,1.583
6.m.0.cv2.bn,ed0c9ec6c9470d44,BatchNorm2d,"{""class"": ""BatchNorm2d"", ""eps"": 0.001, ""has_bias"": true, ""momentum"": 0.03}","[[1, 64, 40, 40]]","[""torch.float32""]","[[1, 64, 40, 40]]",6.m.0.cv2.bn,forward,True,128,204800,819712,0.2498,1600,1600,30,0.2435,0.1375,0.2376
6.m.1,02436ef5d3114e46,Bottleneck,"{""class"": ""Bottleneck""}","[[1, 64, 40, 40]]","[""torch.float32""]","[[1, 64, 40, 40]]",6.m.1,forward,False,73984,,1115136,,1,1,30,5.5927,4.5788,3.0556
6.m.1.cv1,779f8899e994d313,Conv,"{""class"": ""Conv""}","[[1, 64, 40, 40]]","[""torch.float32""]","[[1, 64, 40, 40]]",6.m.1.cv1,forward,False,36992,,967168,,1,1,30,2.7675,1.8696,1.7728
6.m.1.cv1.conv,a769a037c9a074eb,Conv2d,"{""class"": ""Conv2d"", ""dilation"": [1, 1], ""groups"": 1, ""has_bias"": false, ""in_channels"": 64, ""kernel_size"": [3, 3], ""out_channels"": 64, ""padding"": [1, 1], ""stride"": [1, 1]}","[[1, 64, 40, 40]]","[""torch.float32""]","[[1, 64, 40, 40]]",6.m.1.cv1.conv,forward,True,36864,58982400,966656,61.0169,1600,1600,30,2.0982,1.4466,1.3303
6.m.1.cv1.bn,ed0c9ec6c9470d44,BatchNorm2d,"{""class"": ""BatchNorm2d"", ""eps"": 0.001, ""has_bias"": true, ""momentum"": 0.03}","[[1, 64, 40, 40]]","[""torch.float32""]","[[1, 64, 40, 40]]",6.m.1.cv1.bn,forward,True,128,204800,819712,0.2498,1600,1600,30,0.2454,0.128,0.2797
6.m.1.cv2,779f8899e994d313,Conv,"{""class"": ""Conv""}","[[1, 64, 40, 40]]","[""torch.float32""]","[[1, 64, 40, 40]]",6.m.1.cv2,forward,False,36992,,967168,,1,1,30,2.5503,2.2358,1.3353
6.m.1.cv2.conv,a769a037c9a074eb,Conv2d,"{""class"": ""Conv2d"", ""dilation"": [1, 1], ""groups"": 1, ""has_bias"": false, ""in_channels"": 64, ""kernel_size"": [3, 3], ""out_channels"": 64, ""padding"": [1, 1], ""stride"": [1, 1]}","[[1, 64, 40, 40]]","[""torch.float32""]","[[1, 64, 40, 40]]",6.m.1.cv2.conv,forward,True,36864,58982400,966656,61.0169,1600,1600,30,1.9529,1.7221,1.0657
6.m.1.cv2.bn,ed0c9ec6c9470d44,BatchNorm2d,"{""class"": ""BatchNorm2d"", ""eps"": 0.001, ""has_bias"": true, ""momentum"": 0.03}","[[1, 64, 40, 40]]","[""torch.float32""]","[[1, 64, 40, 40]]",6.m.1.cv2.bn,forward,True,128,204800,819712,0.2498,1600,1600,30,0.2276,0.142,0.2078
7,6cfe7a34bafabeb5,Conv,"{""class"": ""Conv""}","[[1, 128, 40, 40]]","[""torch.float32""]","[[1, 256, 20, 20]]",7,forward,False,295424,,2410496,,1,1,30,5.1785,4.3702,2.0907
7.conv,9d8bb7a22980064b,Conv2d,"{""class"": ""Conv2d"", ""dilation"": [1, 1], ""groups"": 1, ""has_bias"": false, ""in_channels"": 128, ""kernel_size"": [3, 3], ""out_channels"": 256, ""padding"": [1, 1], ""stride"": [2, 2]}","[[1, 128, 40, 40]]","[""torch.float32""]","[[1, 256, 20, 20]]",7.conv,forward,True,294912,117964800,2408448,48.9796,1600,1600,30,4.5127,3.8519,1.7291
7.bn,ac8618e635cc7fb1,BatchNorm2d,"{""class"": ""BatchNorm2d"", ""eps"": 0.001, ""has_bias"": true, ""momentum"": 0.03}","[[1, 256, 20, 20]]","[""torch.float32""]","[[1, 256, 20, 20]]",7.bn,forward,True,512,204800,821248,0.2494,400,400,30,0.2172,0.1307,0.1804
8,bff08186690bf99d,C2f,"{""class"": ""C2f""}","[[1, 256, 20, 20]]","[""torch.float32""]","[[1, 256, 20, 20]]",8,forward,False,460288,,2660352,,1,1,30,11.5483,9.0699,6.7621
8.cv1,0ed1c23cf9110f7a,Conv,"{""class"": ""Conv""}","[[1, 256, 20, 20]]","[""torch.float32""]","[[1, 256, 20, 20]]",8.cv1,forward,False,66048,,1083392,,1,1,30,1.9863,1.4701,1.3079
8.cv1.conv,869edd6e1c555791,Conv2d,"{""class"": ""Conv2d"", ""dilation"": [1, 1], ""groups"": 1, ""has_bias"": false, ""in_channels"": 256, ""kernel_size"": [1, 1], ""out_channels"": 256, ""padding"": [0, 0], ""stride"": [1, 1]}","[[1, 256, 20, 20]]","[""torch.float32""]","[[1, 256, 20, 20]]",8.cv1.conv,forward,True,65536,26214400,1081344,24.2424,400,400,30,1.4649,1.0591,1.0327
8.cv1.bn,ac8618e635cc7fb1,BatchNorm2d,"{""class"": ""BatchNorm2d"", ""eps"": 0.001, ""has_bias"": true, ""momentum"": 0.03}","[[1, 256, 20, 20]]","[""torch.float32""]","[[1, 256, 20, 20]]",8.cv1.bn,forward,True,512,204800,821248,0.2494,400,400,30,0.1349,0.0878,0.1707
8.cv2,8f6224db0b19406f,Conv,"{""class"": ""Conv""}","[[1, 384, 20, 20]]","[""torch.float32""]","[[1, 256, 20, 20]]",8.cv2,forward,False,98816,,1419264,,1,1,30,2.5206,1.8854,1.6656
8.cv2.conv,f33965fb5f852eec,Conv2d,"{""class"": ""Conv2d"", ""dilation"": [1, 1], ""groups"": 1, ""has_bias"": false, ""in_channels"": 384, ""kernel_size"": [1, 1], ""out_channels"": 256, ""padding"": [0, 0], ""stride"": [1, 1]}","[[1, 384, 20, 20]]","[""torch.float32""]","[[1, 256, 20, 20]]",8.cv2.conv,forward,True,98304,39321600,1417216,27.7457,400,400,30,1.9655,1.4375,1.3356
8.cv2.bn,ac8618e635cc7fb1,BatchNorm2d,"{""class"": ""BatchNorm2d"", ""eps"": 0.001, ""has_bias"": true, ""momentum"": 0.03}","[[1, 256, 20, 20]]","[""torch.float32""]","[[1, 256, 20, 20]]",8.cv2.bn,forward,True,512,204800,821248,0.2494,400,400,30,0.14,0.0992,0.1022
8.m.0,31d91b5bca713d48,Bottleneck,"{""class"": ""Bottleneck""}","[[1, 128, 20, 20]]","[""torch.float32""]","[[1, 128, 20, 20]]",8.m.0,forward,False,295424,,1591296,,1,1,30,6.4067,4.9623,3.5299
8.m.0.cv1,5cfa28a28ad2d2aa,Conv,"{""class"": ""Conv""}","[[1, 128, 20, 20]]","[""torch.float32""]","[[1, 128, 20, 20]]",8.m.0.cv1,forward,False,147712,,1000448,,1,1,30,3.0229,2.5421,1.4986
8.m.0.cv1.conv,af6950922bb10eb3,Conv2d,"{""class"": ""Conv2d"", ""dilation"": [1, 1], ""groups"": 1, ""has_bias"": false, ""in_channels"": 128, ""kernel_size"": [3, 3], ""out_channels"": 128, ""padding"": [1, 1], ""stride"": [1, 1]}","[[1, 128, 20, 20]]","[""torch.float32""]","[[1, 128, 20, 20]]",8.m.0.cv1.conv,forward,True,147456,58982400,999424,59.0164,400,400,30,2.4517,2.1414,1.1729
8.m.0.cv1.bn,8de7bac41945387e,BatchNorm2d,"{""class"": ""BatchNorm2d"", ""eps"": 0.001, ""has_bias"": true, ""momentum"": 0.03}","[[1, 128, 20, 20]]","[""torch.float32""]","[[1, 128, 20, 20]]",8.m.0.cv1.bn,forward,True,256,102400,410624,0.2494,400,400,30,0.1781,0.1006,0.1832
8.m.0.cv2,5cfa28a28ad2d2aa,Conv,"{""class"": ""Conv""}","[[1, 128, 20, 20]]","[""torch.float32""]","[[1, 128, 20, 20]]",8.m.0.cv2,forward,False,147712,,1000448,,1,1,30,3.1282,2.501,1.971
8.m.0.cv2.conv,af6950922bb10eb3,Conv2d,"{""class"": ""Conv2d"", ""dilation"": [1, 1], ""groups"": 1, ""has_bias"": false, ""in_channels"": 128, ""kernel_size"": [3, 3], ""out_channels"": 128, ""padding"": [1, 1], ""stride"": [1, 1]}","[[1, 128, 20, 20]]","[""torch.float32""]","[[1, 128, 20, 20]]",8.m.0.cv2.conv,forward,True,147456,58982400,999424,59.0164,400,400,30,2.4582,2.1066,1.3496
8.m.0.cv2.bn,8de7bac41945387e,BatchNorm2d,"{""class"": ""BatchNorm2d"", ""eps"": 0.001, ""has_bias"": true, ""momentum"": 0.03}","[[1, 128, 20, 20]]","[""torch.float32""]","[[1, 128, 20, 20]]",8.m.0.cv2.bn,forward,True,256,102400,410624,0.2494,400,400,30,0.2267,0.092,0.3394
9,7f0ad026246918d0,SPPF,"{""class"": ""SPPF""}","[[1, 256, 20, 20]]","[""torch.float32""]","[[1, 256, 20, 20]]",9,forward,False,164608,,1477632,,1,1,30,9.1015,7.7094,4.1131
9.cv1,0ed1c23cf9110f7a,Conv,"{""class"": ""Conv""}","[[1, 256, 20, 20]]","[""torch.float32""]","[[1, 128, 20, 20]]",9.cv1,forward,False,33024,,746496,,1,1,30,1.8129,1.3144,0.9998
9.cv1.conv,84ef5338b41f8143,Conv2d,"{""class"": ""Conv2d"", ""dilation"": [1, 1], ""groups"": 1, ""has_bias"": false, ""in_channels"": 256, ""kernel_size"": [1, 1], ""out_channels"": 128, ""padding"": [0, 0], ""stride"": [1, 1]}","[[1, 256, 20, 20]]","[""torch.float32""]","[[1, 128, 20, 20]]",9.cv1.conv,forward,True,32768,13107200,745472,17.5824,400,400,30,1.2459,0.869,0.7479
9.cv1.bn,8de7bac41945387e,BatchNorm2d,"{""class"": ""BatchNorm2d"", ""eps"": 0.001, ""has_bias"": true, ""momentum"": 0.03}","[[1, 128, 20, 20]]","[""torch.float32""]","[[1, 128, 20, 20]]",9.cv1.bn,forward,True,256,102400,410624,0.2494,400,400,30,0.2271,0.1031,0.2723
9.cv2,931c7b9fe350d92d,Conv,"{""class"": ""Conv""}","[[1, 512, 20, 20]]","[""torch.float32""]","[[1, 256, 20, 20]]",9.cv2,forward,False,131584,,1755136,,1,1,30,3.4187,2.9062,1.603
9.cv2.conv,79484bad42a8ed32,Conv2d,"{""class"": ""Conv2d"", ""dilation"": [1, 1], ""groups"": 1, ""has_bias"": false, ""in_channels"": 512, ""kernel_size"": [1, 1], ""out_channels"": 256, ""padding"": [0, 0], ""stride"": [1, 1]}","[[1, 512, 20, 20]]","[""torch.float32""]","[[1, 256, 20, 20]]",9.cv2.conv,forward,True,131072,52428800,1753088,29.9065,400,400,30,2.7402,2.2172,1.1976
9.cv2.bn,ac8618e635cc7fb1,BatchNorm2d,"{""class"": ""BatchNorm2d"", ""eps"": 0.001, ""has_bias"": true, ""momentum"": 0.03}","[[1, 256, 20, 20]]","[""torch.float32""]","[[1, 256, 20, 20]]",9.cv2.bn,forward,True,512,204800,821248,0.2494,400,400,30,0.1779,0.1124,0.1775
9.m,2dc12e0869bccbe7,MaxPool2d,"{""class"": ""MaxPool2d""}","[[1, 128, 20, 20]]","[""torch.float32""]","[[1, 128, 20, 20]]",9.m,forward,True,0,51200,409600,0.125,1,1,90,1.0722,1.0365,0.4759
10,93c5d930f57eefe9,Upsample,"{""class"": ""Upsample""}","[[1, 256, 20, 20]]","[""torch.float32""]","[[1, 256, 40, 40]]",10,forward,True,0,409600,2048000,0.2,1,1,30,2.8043,2.4782,1.0017
11,0cd094669177a78c,Concat,"{""class"": ""Concat""}","[[1, 256, 40, 40], [1, 128, 40, 40]]","[""torch.float32""]","[[1, 384, 40, 40]]",11,forward,True,0,614400,4915200,0.125,1,1,30,0.8988,0.5803,0.7899
12,8c29c258aacc9f56,C2f,"{""class"": ""C2f""}","[[1, 384, 40, 40]]","[""torch.float32""]","[[1, 128, 40, 40]]",12,forward,False,148224,,3869696,,1,1,30,15.7856,13.4362,6.1875
12.cv1,3046dacecc4dd6d9,Conv,"{""class"": ""Conv""}","[[1, 384, 40, 40]]","[""torch.float32""]","[[1, 128, 40, 40]]",12.cv1,forward,False,49408,,3474432,,1,1,30,5.8493,4.975,2.6355
12.cv1.conv,4a0979562ddbc931,Conv2d,"{""class"": ""Conv2d"", ""dilation"": [1, 1], ""groups"": 1, ""has_bias"": false, ""in_channels"": 384, ""kernel_size"": [1, 1], ""out_channels"": 128, ""padding"": [0, 0], ""stride"": [1, 1]}","[[1, 384, 40, 40]]","[""torch.float32""]","[[1, 128, 40, 40]]",12.cv1.conv,forward,True,49152,78643200,3473408,22.6415,1600,1600,30,5.0145,4.267,2.1733
12.cv1.bn,cac46b7b9ae7f883,BatchNorm2d,"{""class"": ""BatchNorm2d"", ""eps"": 0.001, ""has_bias"": true, ""momentum"": 0.03}","[[1, 128, 40, 40]]","[""torch.float32""]","[[1, 128, 40, 40]]",12.cv1.bn,forward,True,256,409600,1639424,0.2498,1600,1600,30,0.2747,0.2106,0.187
12.cv2,681d054a72fa7eca,Conv,"{""class"": ""Conv""}","[[1, 192, 40, 40]]","[""torch.float32""]","[[1, 128, 40, 40]]",12.cv2,forward,False,24832,,2147328,,1,1,30,3.8188,3.594,1.0693
12.cv2.conv,8141bee62b9f4590,Conv2d,"{""class"": ""Conv2d"", ""dilation"": [1, 1], ""groups"": 1, ""has_bias"": false, ""in_channels"": 192, ""kernel_size"": [1, 1], ""out_channels"": 128, ""padding"": [0, 0], ""stride"": [1, 1]}","[[1, 192, 40, 40]]","[""torch.float32""]","[[1, 128, 40, 40]]",12.cv2.conv,forward,True,24576,39321600,2146304,18.3206,1600,1600,30,3.0099,2.5894,0.95
12.cv2.bn,cac46b7b9ae7f883,BatchNorm2d,"{""class"": ""BatchNorm2d"", ""eps"": 0.001, ""has_bias"": true, ""momentum"": 0.03}","[[1, 128, 40, 40]]","[""torch.float32""]","[[1, 128, 40, 40]]",12.cv2.bn,forward,True,256,409600,1639424,0.2498,1600,1600,30,0.3151,0.2041,0.2306
12.m.0,02436ef5d3114e46,Bottleneck,"{""class"": ""Bottleneck""}","[[1, 64, 40, 40]]","[""torch.float32""]","[[1, 64, 40, 40]]",12.m.0,forward,False,73984,,1115136,,1,1,30,5.3441,4.5701,2.9182
12.m.0.cv1,779f8899e994d313,Conv,"{""class"": ""Conv""}","[[1, 64, 40, 40]]","[""torch.float32""]","[[1, 64, 40, 40]]",12.m.0.cv1,forward,False,36992,,967168,,1,1,30,2.9538,2.1966,1.5813
12.m.0.cv1.conv,a769a037c9a074eb,Conv2d,"{""class"": ""Conv2d"", ""dilation"": [1, 1], ""groups"": 1, ""has_bias"": false, ""in_channels"": 64, ""kernel_size"": [3, 3], ""out_channels"": 64, ""padding"": [1, 1], ""stride"": [1, 1]}","[[1, 64, 40, 40]]","[""torch.float32""]","[[1, 64, 40, 40]]",12.m.0.cv1.conv,forward,True,36864,58982400,966656,61.0169,1600,1600,30,2.291,1.6417,1.1635
12.m.0.cv1.bn,ed0c9ec6c9470d44,BatchNorm2d,"{""class"": ""BatchNorm2d"", ""eps"": 0.001, ""has_bias"": true, ""momentum"": 0.03}","[[1, 64, 40, 40]]","[""torch.float32""]","[[1, 64, 40, 40]]",12.m.0.cv1.bn,forward,True,128,204800,819712,0.2498,1600,1600,30,0.2564,0.1507,0.2432
12.m.0.cv2,779f8899e994d313,Conv,"{""class"": ""Conv""}","[[1, 64, 40, 40]]","[""torch.float32""]","[[1, 64, 40, 40]]",12.m.0.cv2,forward,False,36992,,967168,,1,1,30,2.315,1.808,1.6505
12.m.0.cv2.conv,a769a037c9a074eb,Conv2d,"{""class"": ""Conv2d"", ""dilation"": [1, 1], ""groups"": 1, ""has_bias"": false, ""in_channels"": 64, ""kernel_size"": [3, 3], ""out_channels"": 64, ""padding"": [1, 1], ""stride"": [1, 1]}","[[1, 64, 40, 40]]","[""torch.float32""]","[[1, 64, 40, 40]]",12.m.0.cv2.conv,forward,True,36864,58982400,966656,61.0169,1600,1600,30,1.7592,1.3711,1.1618
12.m.0.cv2.bn,ed0c9ec6c9470d44,BatchNorm2d,"{""class"": ""BatchNorm2d"", ""eps"": 0.001, ""has_bias"": true, ""momentum"": 0.03}","[[1, 64, 40, 40]]","[""torch.float32""]","[[1, 64, 40, 40]]",12.m.0.cv2.bn,forward,True,128,204800,819712,0.2498,1600,1600,30,0.2015,0.138,0.2637
13,b284f397df75eed7,Upsample,"{""class"": ""Upsample""}","[[1, 128, 40, 40]]","[""torch.float32""]","[[1, 128, 80, 80]]",13,forward,True,0,819200,4096000,0.2,1,1,30,0.5676,0.5425,0.1405
14,9627697befd97eb5,Concat,"{""class"": ""Concat""}","[[1, 128, 80, 80], [1, 64, 80, 80]]","[""torch.float32""]","[[1, 192, 80, 80]]",14,forward,True,0,1228800,9830400,0.125,1,1,30,1.8939,1.7347,0.3391
15,aa2e579fd0abdfe1,C2f,"{""class"": ""C2f""}","[[1, 192, 80, 80]]","[""torch.float32""]","[[1, 64, 80, 80]]",15,forward,False,37248,,6702592,,1,1,30,21.656,20.9431,1.9675
15.cv1,54effe0ef039cb18,Conv,"{""class"": ""Conv""}","[[1, 192, 80, 80]]","[""torch.float32""]","[[1, 64, 80, 80]]",15.cv1,forward,False,12416,,6603264,,1,1,30,7.6887,7.1404,1.0067
15.cv1.conv,8fb39075df7bac46,Conv2d,"{""class"": ""Conv2d"", ""dilation"": [1, 1], ""groups"": 1, ""has_bias"": false, ""in_channels"": 192, ""kernel_size"": [1, 1], ""out_channels"": 64, ""padding"": [0, 0], ""stride"": [1, 1]}","[[1, 192, 80, 80]]","[""torch.float32""]","[[1, 64, 80, 80]]",15.cv1.conv,forward,True,12288,78643200,6602752,11.9107,6400,6400,30,6.2192,5.8788,0.9408
15.cv1.bn,b4e6b6fa38e26912,BatchNorm2d,"{""class"": ""BatchNorm2d"", ""eps"": 0.001, ""has_bias"": true, ""momentum"": 0.03}","[[1, 64, 80, 80]]","[""torch.float32""]","[[1, 64, 80, 80]]",15.cv1.bn,forward,True,128,819200,3277312,0.25,6400,6400,30,0.5933,0.4011,0.288
15.cv2,4e4c9c702652b912,Conv,"{""class"": ""Conv""}","[[1, 96, 80, 80]]","[""torch.float32""]","[[1, 64, 80, 80]]",15.cv2,forward,False,6272,,4121088,,1,1,30,5.7853,5.7737,0.6542
15.cv2.conv,e2902394cccde1bd,Conv2d,"{""class"": ""Conv2d"", ""dilation"": [1, 1], ""groups"": 1, ""has_bias"": false, ""in_channels"": 96, ""kernel_size"": [1, 1], ""out_channels"": 64, ""padding"": [0, 0], ""stride"": [1, 1]}","[[1, 96, 80, 80]]","[""torch.float32""]","[[1, 64, 80, 80]]",15.cv2.conv,forward,True,6144,39321600,4120576,9.5427,6400,6400,30,4.4729,4.3523,0.6562
15.cv2.bn,b4e6b6fa38e26912,BatchNorm2d,"{""class"": ""BatchNorm2d"", ""eps"": 0.001, ""has_bias"": true, ""momentum"": 0.03}","[[1, 64, 80, 80]]","[""torch.float32""]","[[1, 64, 80, 80]]",15.cv2.bn,forward,True,128,819200,3277312,0.25,6400,6400,30,0.4212,0.3791,0.0999
15.m.0,d899a3676066aac1,Bottleneck,"{""class"": ""Bottleneck""}","[[1, 32, 80, 80]]","[""torch.float32""]","[[1, 32, 80, 80]]",15.m.0,forward,False,18560,,1712640,,1,1,30,6.9294,6.502,1.406
15.m.0.cv1,a5cf2816ac5c4970,Conv,"{""class"": ""Conv""}","[[1, 32, 80, 80]]","[""torch.float32""]","[[1, 32, 80, 80]]",15.m.0.cv1,forward,False,9280,,1675520,,1,1,30,3.4919,3.082,1.0939
15.m.0.cv1.conv,f016fabe75ce0c68,Conv2d,"{""class"": ""Conv2d"", ""dilation"": [1, 1], ""groups"": 1, ""has_bias"": false, ""in_channels"": 32, ""kernel_size"": [3, 3], ""out_channels"": 32, ""padding"": [1, 1], ""stride"": [1, 1]}","[[1, 32, 80, 80]]","[""torch.float32""]","[[1, 32, 80, 80]]",15.m.0.cv1.conv,forward,True,9216,58982400,1675264,35.2078,6400,6400,30,2.7202,2.4327,0.9651
15.m.0.cv1.bn,07e651876550e934,BatchNorm2d,"{""class"": ""BatchNorm2d"", ""eps"": 0.001, ""has_bias"": true, ""momentum"": 0.03}","[[1, 32, 80, 80]]","[""torch.float32""]","[[1, 32, 80, 80]]",15.m.0.cv1.bn,forward,True,64,409600,1638656,0.25,6400,6400,30,0.2336,0.1897,0.075
15.m.0.cv2,a5cf2816ac5c4970,Conv,"{""class"": ""Conv""}","[[1, 32, 80, 80]]","[""torch.float32""]","[[1, 32, 80, 80]]",15.m.0.cv2,forward,False,9280,,1675520,,1,1,30,3.3538,2.7111,1.2262
15.m.0.cv2.conv,f016fabe75ce0c68,Conv2d,"{""class"": ""Conv2d"", ""dilation"": [1, 1], ""groups"": 1, ""has_bias"": false, ""in_channels"": 32, ""kernel_size"": [3, 3], ""out_channels"": 32, ""padding"": [1, 1], ""stride"": [1, 1]}","[[1, 32, 80, 80]]","[""torch.float32""]","[[1, 32, 80, 80]]",15.m.0.cv2.conv,forward,True,9216,58982400,1675264,35.2078,6400,6400,30,2.4196,1.9437,0.9496
15.m.0.cv2.bn,07e651876550e934,BatchNorm2d,"{""class"": ""BatchNorm2d"", ""eps"": 0.001, ""has_bias"": true, ""momentum"": 0.03}","[[1, 32, 80, 80]]","[""torch.float32""]","[[1, 32, 80, 80]]",15.m.0.cv2.bn,forward,True,64,409600,1638656,0.25,6400,6400,30,0.3175,0.2533,0.2254
16,8edda4b0b28cfff8,Conv,"{""class"": ""Conv""}","[[1, 64, 80, 80]]","[""torch.float32""]","[[1, 64, 40, 40]]",16,forward,False,36992,,2195968,,1,1,30,3.8605,3.1704,1.4862
16.conv,68b9353d7c30de88,Conv2d,"{""class"": ""Conv2d"", ""dilation"": [1, 1], ""groups"": 1, ""has_bias"": false, ""in_channels"": 64, ""kernel_size"": [3, 3], ""out_channels"": 64, ""padding"": [1, 1], ""stride"": [2, 2]}","[[1, 64, 80, 80]]","[""torch.float32""]","[[1, 64, 40, 40]]",16.conv,forward,True,36864,58982400,2195456,26.8657,6400,6400,30,3.2402,2.6788,1.2207
16.bn,ed0c9ec6c9470d44,BatchNorm2d,"{""class"": ""BatchNorm2d"", ""eps"": 0.001, ""has_bias"": true, ""momentum"": 0.03}","[[1, 64, 40, 40]]","[""torch.float32""]","[[1, 64, 40, 40]]",16.bn,forward,True,128,204800,819712,0.2498,1600,1600,30,0.2023,0.1466,0.1255
17,0c744be3ab4636b8,Concat,"{""class"": ""Concat""}","[[1, 64, 40, 40], [1, 128, 40, 40]]","[""torch.float32""]","[[1, 192, 40, 40]]",17,forward,True,0,307200,2457600,0.125,1,1,30,0.4331,0.289,0.309
18,8c00e318696354fb,C2f,"{""class"": ""C2f""}","[[1, 192, 40, 40]]","[""torch.float32""]","[[1, 128, 40, 40]]",18,forward,False,123648,,2542592,,1,1,30,13.3844,12.6588,2.4399
18.cv1,681d054a72fa7eca,Conv,"{""class"": ""Conv""}","[[1, 192, 40, 40]]","[""torch.float32""]","[[1, 128, 40, 40]]",18.cv1,forward,False,24832,,2147328,,1,1,30,4.0662,3.6393,1.4877
18.cv1.conv,8141bee62b9f4590,Conv2d,"{""class"": ""Conv2d"", ""dilation"": [1, 1], ""groups"": 1, ""has_bias"": false, ""in_channels"": 192, ""kernel_size"": [1, 1], ""out_channels"": 128, ""padding"": [0, 0], ""stride"": [1, 1]}","[[1, 192, 40, 40]]","[""torch.float32""]","[[1, 128, 40, 40]]",18.cv1.conv,forward,True,24576,39321600,2146304,18.3206,1600,1600,30,3.2251,2.9095,1.1692
18.cv1.bn,cac46b7b9ae7f883,BatchNorm2d,"{""class"": ""BatchNorm2d"", ""eps"": 0.001, ""has_bias"": true, ""momentum"": 0.03}","[[1, 128, 40, 40]]","[""torch.float32""]","[[1, 128, 40, 40]]",18.cv1.bn,forward,True,256,409600,1639424,0.2498,1600,1600,30,0.2843,0.1759,0.2188
18.cv2,681d054a72fa7eca,Conv,"{""class"": ""Conv""}","[[1, 192, 40, 40]]","[""torch.float32""]","[[1, 128, 40, 40]]",18.cv2,forward,False,24832,,2147328,,1,1,30,3.544,3.5964,0.6012
18.cv2.conv,8141bee62b9f4590,Conv2d,"{""class"": ""Conv2d"", ""dilation"": [1, 1], ""groups"": 1, ""has_bias"": false, ""in_channels"": 192, ""kernel_size"": [1, 1], ""out_channels"": 128, ""padding"": [0, 0], ""stride"": [1, 1]}","[[1, 192, 40, 40]]","[""torch.float32""]","[[1, 128, 40, 40]]",18.cv2.conv,forward,True,24576,39321600,2146304,18.3206,1600,1600,30,2.6299,2.4839,0.4337
18.cv2.bn,cac46b7b9ae7f883,BatchNorm2d,"{""class"": ""BatchNorm2d"", ""eps"": 0.001, ""has_bias"": true, ""momentum"": 0.03}","[[1, 128, 40, 40]]","[""torch.float32""]","[[1, 128, 40, 40]]",18.cv2.bn,forward,True,256,409600,1639424,0.2498,1600,1600,30,0.3694,0.2238,0.293
18.m.0,02436ef5d3114e46,Bottleneck,"{""class"": ""Bottleneck""}","[[1, 64, 40, 40]]","[""torch.float32""]","[[1, 64, 40, 40]]",18.m.0,forward,False,73984,,1115136,,1,1,30,5.1799,4.5969,1.3977
18.m.0.cv1,779f8899e994d313,Conv,"{""class"": ""Conv""}","[[1, 64, 40, 40]]","[""torch.float32""]","[[1, 64, 40, 40]]",18.m.0.cv1,forward,False,36992,,967168,,1,1,30,3.0051,2.7023,1.254
18.m.0.cv1.conv,a769a037c9a074eb,Conv2d,"{""class"": ""Conv2d"", ""dilation"": [1, 1], ""groups"": 1, ""has_bias"": false, ""in_channels"": 64, ""kernel_size"": [3, 3], ""out_channels"": 64, ""padding"": [1, 1], ""stride"": [1, 1]}","[[1, 64, 40, 40]]","[""torch.float32""]","[[1, 64, 40, 40]]",18.m.0.cv1.conv,forward,True,36864,58982400,966656,61.0169,1600,1600,30,2.4275,2.2136,1.0635
18.m.0.cv1.bn,ed0c9ec6c9470d44,BatchNorm2d,"{""class"": ""BatchNorm2d"", ""eps"": 0.001, ""has_bias"": true, ""momentum"": 0.03}","[[1, 64, 40, 40]]","[""torch.float32""]","[[1, 64, 40, 40]]",18.m.0.cv1.bn,forward,True,128,204800,819712,0.2498,1600,1600,30,0.1873,0.1391,0.1084
18.m.0.cv2,779f8899e994d313,Conv,"{""class"": ""Conv""}","[[1, 64, 40, 40]]","[""torch.float32""]","[[1, 64, 40, 40]]",18.m.0.cv2,forward,False,36992,,967168,,1,1,30,2.1007,1.8128,0.495
18.m.0.cv2.conv,a769a037c9a074eb,Conv2d,"{""class"": ""Conv2d"", ""dilation"": [1, 1], ""groups"": 1, ""has_bias"": false, ""in_channels"": 64, ""kernel_size"": [3, 3], ""out_channels"": 64, ""padding"": [1, 1], ""stride"": [1, 1]}","[[1, 64, 40, 40]]","[""torch.float32""]","[[1, 64, 40, 40]]",18.m.0.cv2.conv,forward,True,36864,58982400,966656,61.0169,1600,1600,30,1.5708,1.3645,0.4613
18.m.0.cv2.bn,ed0c9ec6c9470d44,BatchNorm2d,"{""class"": ""BatchNorm2d"", ""eps"": 0.001, ""has_bias"": true, ""momentum"": 0.03}","[[1, 64, 40, 40]]","[""torch.float32""]","[[1, 64, 40, 40]]",18.m.0.cv2.bn,forward,True,128,204800,819712,0.2498,1600,1600,30,0.1388,0.1343,0.0127
19,6cfe7a34bafabeb5,Conv,"{""class"": ""Conv""}","[[1, 128, 40, 40]]","[""torch.float32""]","[[1, 128, 20, 20]]",19,forward,False,147712,,1614848,,1,1,30,2.9377,2.7523,0.619
19.conv,ed34b5a173241762,Conv2d,"{""class"": ""Conv2d"", ""dilation"": [1, 1], ""groups"": 1, ""has_bias"": false, ""in_channels"": 128, ""kernel_size"": [3, 3], ""out_channels"": 128, ""padding"": [1, 1], ""stride"": [2, 2]}","[[1, 128, 40, 40]]","[""torch.float32""]","[[1, 128, 20, 20]]",19.conv,forward,True,147456,58982400,1613824,36.5482,1600,1600,30,2.4156,2.2909,0.494
19.bn,8de7bac41945387e,BatchNorm2d,"{""class"": ""BatchNorm2d"", ""eps"": 0.001, ""has_bias"": true, ""momentum"": 0.03}","[[1, 128, 20, 20]]","[""torch.float32""]","[[1, 128, 20, 20]]",19.bn,forward,True,256,102400,410624,0.2494,400,400,30,0.15,0.1239,0.1224
20,e1c99929d0fa542e,Concat,"{""class"": ""Concat""}","[[1, 128, 20, 20], [1, 256, 20, 20]]","[""torch.float32""]","[[1, 384, 20, 20]]",20,forward,True,0,153600,1228800,0.125,1,1,30,0.204,0.1307,0.2369
21,e108a114866ceda1,C2f,"{""class"": ""C2f""}","[[1, 384, 20, 20]]","[""torch.float32""]","[[1, 256, 20, 20]]",21,forward,False,493056,,2996224,,1,1,30,10.2561,9.1684,2.2923
21.cv1,8f6224db0b19406f,Conv,"{""class"": ""Conv""}","[[1, 384, 20, 20]]","[""torch.float32""]","[[1, 256, 20, 20]]",21.cv1,forward,False,98816,,1419264,,1,1,30,2.4159,1.9717,1.113
21.cv1.conv,f33965fb5f852eec,Conv2d,"{""class"": ""Conv2d"", ""dilation"": [1, 1], ""groups"": 1, ""has_bias"": false, ""in_channels"": 384, ""kernel_size"": [1, 1], ""out_channels"": 256, ""padding"": [0, 0], ""stride"": [1, 1]}","[[1, 384, 20, 20]]","[""torch.float32""]","[[1, 256, 20, 20]]",21.cv1.conv,forward,True,98304,39321600,1417216,27.7457,400,400,30,1.8451,1.4761,0.8106
21.cv1.bn,ac8618e635cc7fb1,BatchNorm2d,"{""class"": ""BatchNorm2d"", ""eps"": 0.001, ""has_bias"": true, ""momentum"": 0.03}","[[1, 256, 20, 20]]","[""torch.float32""]","[[1, 256, 20, 20]]",21.cv1.bn,forward,True,512,204800,821248,0.2494,400,400,30,0.2047,0.121,0.247
21.cv2,8f6224db0b19406f,Conv,"{""class"": ""Conv""}","[[1, 384, 20, 20]]","[""torch.float32""]","[[1, 256, 20, 20]]",21.cv2,forward,False,98816,,1419264,,1,1,30,2.2694,1.9892,0.8914
21.cv2.conv,f33965fb5f852eec,Conv2d,"{""class"": ""Conv2d"", ""dilation"": [1, 1], ""groups"": 1, ""has_bias"": false, ""in_channels"": 384, ""kernel_size"": [1, 1], ""out_channels"": 256, ""padding"": [0, 0], ""stride"": [1, 1]}","[[1, 384, 20, 20]]","[""torch.float32""]","[[1, 256, 20, 20]]",21.cv2.conv,forward,True,98304,39321600,1417216,27.7457,400,400,30,1.7223,1.455,0.7145
21.cv2.bn,ac8618e635cc7fb1,BatchNorm2d,"{""class"": ""BatchNorm2d"", ""eps"": 0.001, ""has_bias"": true, ""momentum"": 0.03}","[[1, 256, 20, 20]]","[""torch.float32""]","[[1, 256, 20, 20]]",21.cv2.bn,forward,True,512,204800,821248,0.2494,400,400,30,0.184,0.1244,0.1837
21.m.0,31d91b5bca713d48,Bottleneck,"{""class"": ""Bottleneck""}","[[1, 128, 20, 20]]","[""torch.float32""]","[[1, 128, 20, 20]]",21.m.0,forward,False,295424,,1591296,,1,1,30,5.1926,4.7511,1.1786
21.m.0.cv1,5cfa28a28ad2d2aa,Conv,"{""class"": ""Conv""}","[[1, 128, 20, 20]]","[""torch.float32""]","[[1, 128, 20, 20]]",21.m.0.cv1,forward,False,147712,,1000448,,1,1,30,2.6329,2.6192,0.5383
21.m.0.cv1.conv,af6950922bb10eb3,Conv2d,"{""class"": ""Conv2d"", ""dilation"": [1, 1], ""groups"": 1, ""has_bias"": false, ""in_channels"": 128, ""kernel_size"": [3, 3], ""out_channels"": 128, ""padding"": [1, 1], ""stride"": [1, 1]}","[[1, 128, 20, 20]]","[""torch.float32""]","[[1, 128, 20, 20]]",21.m.0.cv1.conv,forward,True,147456,58982400,999424,59.0164,400,400,30,2.105,2.1649,0.3846
21.m.0.cv1.bn,8de7bac41945387e,BatchNorm2d,"{""class"": ""BatchNorm2d"", ""eps"": 0.001, ""has_bias"": true, ""momentum"": 0.03}","[[1, 128, 20, 20]]","[""torch.float32""]","[[1, 128, 20, 20]]",21.m.0.cv1.bn,forward,True,256,102400,410624,0.2494,400,400,30,0.1721,0.1004,0.1801
21.m.0.cv2,5cfa28a28ad2d2aa,Conv,"{""class"": ""Conv""}","[[1, 128, 20, 20]]","[""torch.float32""]","[[1, 128, 20, 20]]",21.m.0.cv2,forward,False,147712,,1000448,,1,1,30,2.4877,1.9591,0.9619
21.m.0.cv2.conv,af6950922bb10eb3,Conv2d,"{""class"": ""Conv2d"", ""dilation"": [1, 1], ""groups"": 1, ""has_bias"": false, ""in_channels"": 128, ""kernel_size"": [3, 3], ""out_channels"": 128, ""padding"": [1, 1], ""stride"": [1, 1]}","[[1, 128, 20, 20]]","[""torch.float32""]","[[1, 128, 20, 20]]",21.m.0.cv2.conv,forward,True,147456,58982400,999424,59.0164,400,400,30,2.0066,1.5863,0.7843
21.m.0.cv2.bn,8de7bac41945387e,BatchNorm2d,"{""class"": ""BatchNorm2d"", ""eps"": 0.001, ""has_bias"": true, ""momentum"": 0.03}","[[1, 128, 20, 20]]","[""torch.float32""]","[[1, 128, 20, 20]]",21.m.0.cv2.bn,forward,True,256,102400,410624,0.2494,400,400,30,0.1165,0.0883,0.0847
22,d6a34c28eddf7d08,Detect,"{""class"": ""Detect""}","[[1, 64, 80, 80], [1, 128, 40, 40], [1, 256, 20, 20]]","[""torch.float32""]","[[1, 84, 8400]]",22,forward,False,897664,,9280256,,1,1,30,89.4961,87.2513,9.6837
22.cv2.0,7fd7f009284314a8,Sequential,"{""class"": ""Sequential""}","[[1, 64, 80, 80]]","[""torch.float32""]","[[1, 64, 80, 80]]",22.cv2.0,forward,False,78144,,3589376,,1,1,30,22.1886,20.7264,3.6451
22.cv2.0.0,8edda4b0b28cfff8,Conv,"{""class"": ""Conv""}","[[1, 64, 80, 80]]","[""torch.float32""]","[[1, 64, 80, 80]]",22.cv2.0.0,forward,False,36992,,3424768,,1,1,30,9.1331,8.3141,1.9333
22.cv2.0.0.conv,021c6aad881e3e19,Conv2d,"{""class"": ""Conv2d"", ""dilation"": [1, 1], ""groups"": 1, ""has_bias"": false, ""in_channels"": 64, ""kernel_size"": [3, 3], ""out_channels"": 64, ""padding"": [1, 1], ""stride"": [1, 1]}","[[1, 64, 80, 80]]","[""torch.float32""]","[[1, 64, 80, 80]]",22.cv2.0.0.conv,forward,True,36864,235929600,3424256,68.8995,6400,6400,30,7.6197,6.8858,1.9349
22.cv2.0.0.bn,b4e6b6fa38e26912,BatchNorm2d,"{""class"": ""BatchNorm2d"", ""eps"": 0.001, ""has_bias"": true, ""momentum"": 0.03}","[[1, 64, 80, 80]]","[""torch.float32""]","[[1, 64, 80, 80]]",22.cv2.0.0.bn,forward,True,128,819200,3277312,0.25,6400,6400,30,0.5414,0.5024,0.1834
22.cv2.0.1,8edda4b0b28cfff8,Conv,"{""class"": ""Conv""}","[[1, 64, 80, 80]]","[""torch.float32""]","[[1, 64, 80, 80]]",22.cv2.0.1,forward,False,36992,,3424768,,1,1,30,8.7963,8.0066,1.8363
22.cv2.0.1.conv,021c6aad881e3e19,Conv2d,"{""class"": ""Conv2d"", ""dilation"": [1, 1], ""groups"": 1, ""has_bias"": false, ""in_channels"": 64, ""kernel_size"": [3, 3], ""out_channels"": 64, ""padding"": [1, 1], ""stride"": [1, 1]}","[[1, 64, 80, 80]]","[""torch.float32""]","[[1, 64, 80, 80]]",22.cv2.0.1.conv,forward,True,36864,235929600,3424256,68.8995,6400,6400,30,7.4198,6.7011,1.6261
22.cv2.0.1.bn,b4e6b6fa38e26912,BatchNorm2d,"{""class"": ""BatchNorm2d"", ""eps"": 0.001, ""has_bias"": true, ""momentum"": 0.03}","[[1, 64, 80, 80]]","[""torch.float32""]","[[1, 64, 80, 80]]",22.cv2.0.1.bn,forward,True,128,819200,3277312,0.25,6400,6400,30,0.5832,0.5474,0.1581
22.cv2.0.2,cfa8ffe15ccbb406,Conv2d,"{""class"": ""Conv2d"", ""dilation"": [1, 1], ""groups"": 1, ""has_bias"": true, ""in_channels"": 64, ""kernel_size"": [1, 1], ""out_channels"": 64, ""padding"": [0, 0], ""stride"": [1, 1]}","[[1, 64, 80, 80]]","[""torch.float32""]","[[1, 64, 80, 80]]",22.cv2.0.2,forward,True,4160,26214400,3293440,7.9596,6400,6400,30,4.0564,3.9088,1.0971
22.cv2.1,ba2148944390f9e3,Sequential,"{""class"": ""Sequential""}","[[1, 128, 40, 40]]","[""torch.float32""]","[[1, 64, 40, 40]]",22.cv2.1,forward,False,115008,,1688832,,1,1,30,7.1884,6.4898,2.1142
22.cv2.1.0,6cfe7a34bafabeb5,Conv,"{""class"": ""Conv""}","[[1, 128, 40, 40]]","[""torch.float32""]","[[1, 64, 40, 40]]",22.cv2.1.0,forward,False,73856,,1524224,,1,1,30,3.864,3.7415,0.9914
22.cv2.1.0.conv,44dedf871c7ca214,Conv2d,"{""class"": ""Conv2d"", ""dilation"": [1, 1], ""groups"": 1, ""has_bias"": false, ""in_channels"": 128, ""kernel_size"": [3, 3], ""out_channels"": 64, ""padding"": [1, 1], ""stride"": [1, 1]}","[[1, 128, 40, 40]]","[""torch.float32""]","[[1, 64, 40, 40]]",22.cv2.1.0.conv,forward,True,73728,117964800,1523712,77.4194,1600,1600,30,3.258,3.2627,0.9246
22.cv2.1.0.bn,ed0c9ec6c9470d44,BatchNorm2d,"{""class"": ""BatchNorm2d"", ""eps"": 0.001, ""has_bias"": true, ""momentum"": 0.03}","[[1, 64, 40, 40]]","[""torch.float32""]","[[1, 64, 40, 40]]",22.cv2.1.0.bn,forward,True,128,204800,819712,0.2498,1600,1600,30,0.1867,0.1367,0.1066
22.cv2.1.1,779f8899e994d313,Conv,"{""class"": ""Conv""}","[[1, 64, 40, 40]]","[""torch.float32""]","[[1, 64, 40, 40]]",22.cv2.1.1,forward,False,36992,,967168,,1,1,30,2.4809,1.9859,1.1567
22.cv2.1.1.conv,a769a037c9a074eb,Conv2d,"{""class"": ""Conv2d"", ""dilation"": [1, 1], ""groups"": 1, ""has_bias"": false, ""in_channels"": 64, ""kernel_size"": [3, 3], ""out_channels"": 64, ""padding"": [1, 1], ""stride"": [1, 1]}","[[1, 64, 40, 40]]","[""torch.float32""]","[[1, 64, 40, 40]]",22.cv2.1.1.conv,forward,True,36864,58982400,966656,61.0169,1600,1600,30,1.9768,1.5307,0.9492
22.cv2.1.1.bn,ed0c9ec6c9470d44,BatchNorm2d,"{""class"": ""BatchNorm2d"", ""eps"": 0.001, ""has_bias"": true, ""momentum"": 0.03}","[[1, 64, 40, 40]]","[""torch.float32""]","[[1, 64, 40, 40]]",22.cv2.1.1.bn,forward,True,128,204800,819712,0.2498,1600,1600,30,0.1396,0.1202,0.0813
22.cv2.1.2,a15ec3011d61e45c,Conv2d,"{""class"": ""Conv2d"", ""dilation"": [1, 1], ""groups"": 1, ""has_bias"": true, ""in_channels"": 64, ""kernel_size"": [1, 1], ""out_channels"": 64, ""padding"": [0, 0], ""stride"": [1, 1]}","[[1, 64, 40, 40]]","[""torch.float32""]","[[1, 64, 40, 40]]",22.cv2.1.2,forward,True,4160,6553600,835840,7.8407,1600,1600,30,0.7231,0.5934,0.5401
22.cv2.2,27a5bc3647bf7fdc,Sequential,"{""class"": ""Sequential""}","[[1, 256, 20, 20]]","[""torch.float32""]","[[1, 64, 20, 20]]",22.cv2.2,forward,False,188736,,1266944,,1,1,30,5.184,4.277,2.0077
22.cv2.2.0,0ed1c23cf9110f7a,Conv,"{""class"": ""Conv""}","[[1, 256, 20, 20]]","[""torch.float32""]","[[1, 64, 20, 20]]",22.cv2.2.0,forward,False,147584,,1102336,,1,1,30,2.9531,2.7051,0.9574
22.cv2.2.0.conv,1cd0883b184e41ef,Conv2d,"{""class"": ""Conv2d"", ""dilation"": [1, 1], ""groups"": 1, ""has_bias"": false, ""in_channels"": 256, ""kernel_size"": [3, 3], ""out_channels"": 64, ""padding"": [1, 1], ""stride"": [1, 1]}","[[1, 256, 20, 20]]","[""torch.float32""]","[[1, 64, 20, 20]]",22.cv2.2.0.conv,forward,True,147456,58982400,1101824,53.5316,400,400,30,2.364,1.7734,0.9431
22.cv2.2.0.bn,50a67b6ea7e0868d,BatchNorm2d,"{""class"": ""BatchNorm2d"", ""eps"": 0.001, ""has_bias"": true, ""momentum"": 0.03}","[[1, 64, 20, 20]]","[""torch.float32""]","[[1, 64, 20, 20]]",22.cv2.2.0.bn,forward,True,128,51200,205312,0.2494,400,400,30,0.2502,0.1094,0.2069
22.cv2.2.1,9eb119d52f148e5f,Conv,"{""class"": ""Conv""}","[[1, 64, 20, 20]]","[""torch.float32""]","[[1, 64, 20, 20]]",22.cv2.2.1,forward,False,36992,,352768,,1,1,30,1.4788,0.9824,0.7409
22.cv2.2.1.conv,2aa17c28d5c07f2a,Conv2d,"{""class"": ""Conv2d"", ""dilation"": [1, 1], ""groups"": 1, ""has_bias"": false, ""in_channels"": 64, ""kernel_size"": [3, 3], ""out_channels"": 64, ""padding"": [1, 1], ""stride"": [1, 1]}","[[1, 64, 20, 20]]","[""torch.float32""]","[[1, 64, 20, 20]]",22.cv2.2.1.conv,forward,True,36864,14745600,352256,41.8605,400,400,30,1.0654,0.6481,0.6426
22.cv2.2.1.bn,50a67b6ea7e0868d,BatchNorm2d,"{""class"": ""BatchNorm2d"", ""eps"": 0.001, ""has_bias"": true, ""momentum"": 0.03}","[[1, 64, 20, 20]]","[""torch.float32""]","[[1, 64, 20, 20]]",22.cv2.2.1.bn,forward,True,128,51200,205312,0.2494,400,400,30,0.1509,0.0708,0.1489
22.cv2.2.2,c0b9a41dd8692aed,Conv2d,"{""class"": ""Conv2d"", ""dilation"": [1, 1], ""groups"": 1, ""has_bias"": true, ""in_channels"": 64, ""kernel_size"": [1, 1], ""out_channels"": 64, ""padding"": [0, 0], ""stride"": [1, 1]}","[[1, 64, 20, 20]]","[""torch.float32""]","[[1, 64, 20, 20]]",22.cv2.2.2,forward,True,4160,1638400,221440,7.3988,400,400,30,0.6418,0.384,0.5492
22.cv3.0,7fd7f009284314a8,Sequential,"{""class"": ""Sequential""}","[[1, 64, 80, 80]]","[""torch.float32""]","[[1, 80, 80, 80]]",22.cv3.0,forward,False,110480,,4128320,,1,1,30,28.9388,28.1631,2.7333
22.cv3.0.0,8edda4b0b28cfff8,Conv,"{""class"": ""Conv""}","[[1, 64, 80, 80]]","[""torch.float32""]","[[1, 80, 80, 80]]",22.cv3.0.0,forward,False,46240,,3871360,,1,1,30,10.5953,10.0995,1.389
22.cv3.0.0.conv,7af9b0979df2804f,Conv2d,"{""class"": ""Conv2d"", ""dilation"": [1, 1], ""groups"": 1, ""has_bias"": false, ""in_channels"": 64, ""kernel_size"": [3, 3], ""out_channels"": 80, ""padding"": [1, 1], ""stride"": [1, 1]}","[[1, 64, 80, 80]]","[""torch.float32""]","[[1, 80, 80, 80]]",22.cv3.0.0.conv,forward,True,46080,294912000,3870720,76.1905,6400,6400,30,8.7037,8.2767,1.2924
22.cv3.0.0.bn,19a157ffda0271b3,BatchNorm2d,"{""class"": ""BatchNorm2d"", ""eps"": 0.001, ""has_bias"": true, ""momentum"": 0.03}","[[1, 80, 80, 80]]","[""torch.float32""]","[[1, 80, 80, 80]]",22.cv3.0.0.bn,forward,True,160,1024000,4096640,0.25,6400,6400,30,0.8565,0.7763,0.2263
22.cv3.0.1,34de7a256bd759e3,Conv,"{""class"": ""Conv""}","[[1, 80, 80, 80]]","[""torch.float32""]","[[1, 80, 80, 80]]",22.cv3.0.1,forward,False,57760,,4327040,,1,1,30,12.9076,11.8331,2.2891
22.cv3.0.1.conv,f2803d67ae1359bc,Conv2d,"{""class"": ""Conv2d"", ""dilation"": [1, 1], ""groups"": 1, ""has_bias"": false, ""in_channels"": 80, ""kernel_size"": [3, 3], ""out_channels"": 80, ""padding"": [1, 1], ""stride"": [1, 1]}","[[1, 80, 80, 80]]","[""torch.float32""]","[[1, 80, 80, 80]]",22.cv3.0.1.conv,forward,True,57600,368640000,4326400,85.2071,6400,6400,30,11.0819,10.0685,2.0468
22.cv3.0.1.bn,19a157ffda0271b3,BatchNorm2d,"{""class"": ""BatchNorm2d"", ""eps"": 0.001, ""has_bias"": true, ""momentum"": 0.03}","[[1, 80, 80, 80]]","[""torch.float32""]","[[1, 80, 80, 80]]",22.cv3.0.1.bn,forward,True,160,1024000,4096640,0.25,6400,6400,30,0.8059,0.7579,0.1599
22.cv3.0.2,ee64f972583f616e,Conv2d,"{""class"": ""Conv2d"", ""dilation"": [1, 1], ""groups"": 1, ""has_bias"": true, ""in_channels"": 80, ""kernel_size"": [1, 1], ""out_channels"": 80, ""padding"": [0, 0], ""stride"": [1, 1]}","[[1, 80, 80, 80]]","[""torch.float32""]","[[1, 80, 80, 80]]",22.cv3.0.2,forward,True,6480,40960000,4121920,9.9371,6400,6400,30,5.2501,4.917,0.958
22.cv3.1,ba2148944390f9e3,Sequential,"{""class"": ""Sequential""}","[[1, 128, 40, 40]]","[""torch.float32""]","[[1, 80, 40, 40]]",22.cv3.1,forward,False,156560,,1957440,,1,1,30,10.7614,9.5242,2.9489
22.cv3.1.0,6cfe7a34bafabeb5,Conv,"{""class"": ""Conv""}","[[1, 128, 40, 40]]","[""torch.float32""]","[[1, 80, 40, 40]]",22.cv3.1.0,forward,False,92320,,1700480,,1,1,30,5.7852,4.8605,1.7865
22.cv3.1.0.conv,cda5c10235f0678c,Conv2d,"{""class"": ""Conv2d"", ""dilation"": [1, 1], ""groups"": 1, ""has_bias"": false, ""in_channels"": 128, ""kernel_size"": [3, 3], ""out_channels"": 80, ""padding"": [1, 1], ""stride"": [1, 1]}","[[1, 128, 40, 40]]","[""torch.float32""]","[[1, 80, 40, 40]]",22.cv3.1.0.conv,forward,True,92160,147456000,1699840,86.747,1600,1600,30,5.0631,4.2949,1.5414
22.cv3.1.0.bn,82f01af8d3699c01,BatchNorm2d,"{""class"": ""BatchNorm2d"", ""eps"": 0.001, ""has_bias"": true, ""momentum"": 0.03}","[[1, 80, 40, 40]]","[""torch.float32""]","[[1, 80, 40, 40]]",22.cv3.1.0.bn,forward,True,160,256000,1024640,0.2498,1600,1600,30,0.2352,0.1812,0.1227
22.cv3.1.1,4ca316e081069dfb,Conv,"{""class"": ""Conv""}","[[1, 80, 40, 40]]","[""torch.float32""]","[[1, 80, 40, 40]]",22.cv3.1.1,forward,False,57760,,1255040,,1,1,30,3.7077,3.4759,1.0093
22.cv3.1.1.conv,e72b03b7b028e2e8,Conv2d,"{""class"": ""Conv2d"", ""dilation"": [1, 1], ""groups"": 1, ""has_bias"": false, ""in_channels"": 80, ""kernel_size"": [3, 3], ""out_channels"": 80, ""padding"": [1, 1], ""stride"": [1, 1]}","[[1, 80, 40, 40]]","[""torch.float32""]","[[1, 80, 40, 40]]",22.cv3.1.1.conv,forward,True,57600,92160000,1254400,73.4694,1600,1600,30,2.9434,2.8245,0.8788
22.cv3.1.1.bn,82f01af8d3699c01,BatchNorm2d,"{""class"": ""BatchNorm2d"", ""eps"": 0.001, ""has_bias"": true, ""momentum"": 0.03}","[[1, 80, 40, 40]]","[""torch.float32""]","[[1, 80, 40, 40]]",22.cv3.1.1.bn,forward,True,160,256000,1024640,0.2498,1600,1600,30,0.2453,0.2148,0.0972
22.cv3.1.2,f091f98997d4a134,Conv2d,"{""class"": ""Conv2d"", ""dilation"": [1, 1], ""groups"": 1, ""has_bias"": true, ""in_channels"": 80, ""kernel_size"": [1, 1], ""out_channels"": 80, ""padding"": [0, 0], ""stride"": [1, 1]}","[[1, 80, 40, 40]]","[""torch.float32""]","[[1, 80, 40, 40]]",22.cv3.1.2,forward,True,6480,10240000,1049920,9.7531,1600,1600,30,1.1342,0.8642,0.6691
22.cv3.2,27a5bc3647bf7fdc,Sequential,"{""class"": ""Sequential""}","[[1, 256, 20, 20]]","[""torch.float32""]","[[1, 80, 20, 20]]",22.cv3.2,forward,False,248720,,1532480,,1,1,30,5.2853,4.9862,0.901
22.cv3.2.0,0ed1c23cf9110f7a,Conv,"{""class"": ""Conv""}","[[1, 256, 20, 20]]","[""torch.float32""]","[[1, 80, 20, 20]]",22.cv3.2.0,forward,False,184480,,1275520,,1,1,30,3.141,3.2498,0.347
22.cv3.2.0.conv,c8ccf2056afabeb3,Conv2d,"{""class"": ""Conv2d"", ""dilation"": [1, 1], ""groups"": 1, ""has_bias"": false, ""in_channels"": 256, ""kernel_size"": [3, 3], ""out_channels"": 80, ""padding"": [1, 1], ""stride"": [1, 1]}","[[1, 256, 20, 20]]","[""torch.float32""]","[[1, 80, 20, 20]]",22.cv3.2.0.conv,forward,True,184320,73728000,1274880,57.8313,400,400,30,2.4911,2.6605,0.3881
22.cv3.2.0.bn,a1ec31e0cb4c37f4,BatchNorm2d,"{""class"": ""BatchNorm2d"", ""eps"": 0.001, ""has_bias"": true, ""momentum"": 0.03}","[[1, 80, 20, 20]]","[""torch.float32""]","[[1, 80, 20, 20]]",22.cv3.2.0.bn,forward,True,160,64000,256640,0.2494,400,400,30,0.2731,0.1223,0.2667
22.cv3.2.1,d788e5b6efab7265,Conv,"{""class"": ""Conv""}","[[1, 80, 20, 20]]","[""torch.float32""]","[[1, 80, 20, 20]]",22.cv3.2.1,forward,False,57760,,487040,,1,1,30,1.3373,1.1942,0.5395
22.cv3.2.1.conv,45485faf60cdfb4e,Conv2d,"{""class"": ""Conv2d"", ""dilation"": [1, 1], ""groups"": 1, ""has_bias"": false, ""in_channels"": 80, ""kernel_size"": [3, 3], ""out_channels"": 80, ""padding"": [1, 1], ""stride"": [1, 1]}","[[1, 80, 20, 20]]","[""torch.float32""]","[[1, 80, 20, 20]]",22.cv3.2.1.conv,forward,True,57600,23040000,486400,47.3684,400,400,30,0.9664,0.8366,0.4632
22.cv3.2.1.bn,a1ec31e0cb4c37f4,BatchNorm2d,"{""class"": ""BatchNorm2d"", ""eps"": 0.001, ""has_bias"": true, ""momentum"": 0.03}","[[1, 80, 20, 20]]","[""torch.float32""]","[[1, 80, 20, 20]]",22.cv3.2.1.bn,forward,True,160,64000,256640,0.2494,400,400,30,0.0856,0.0689,0.0637
22.cv3.2.2,35dfd70fe410faeb,Conv2d,"{""class"": ""Conv2d"", ""dilation"": [1, 1], ""groups"": 1, ""has_bias"": true, ""in_channels"": 80, ""kernel_size"": [1, 1], ""out_channels"": 80, ""padding"": [0, 0], ""stride"": [1, 1]}","[[1, 80, 20, 20]]","[""torch.float32""]","[[1, 80, 20, 20]]",22.cv3.2.2,forward,True,6480,2560000,281920,9.0806,400,400,30,0.6934,0.3928,0.598
22.dfl,61e4aa0ff4088f9d,DFL,"{""class"": ""DFL""}","[[1, 64, 8400]]","[""torch.float32""]","[[1, 4, 8400]]",22.dfl,forward,False,16,,2284864,,1,1,30,4.5128,4.3327,0.6692
22.dfl.conv,cbb37bed00bc9357,Conv2d,"{""class"": ""Conv2d"", ""dilation"": [1, 1], ""groups"": 1, ""has_bias"": false, ""in_channels"": 16, ""kernel_size"": [1, 1], ""out_channels"": 1, ""padding"": [0, 0], ""stride"": [1, 1]}","[[1, 16, 4, 8400]]","[""torch.float32""]","[[1, 1, 4, 8400]]",22.dfl.conv,forward,True,16,537600,2284864,0.2353,33600,33600,30,2.1564,2.1746,0.5546
