t_ms,temp_C,arm_MHz,throttle_bits,rail_3V7_WL_SW_A current(0),rail_3V3_SYS_A current(1),rail_1V8_SYS_A current(2),rail_DDR_VDD2_A current(3),rail_DDR_VDDQ_A current(4),rail_1V1_SYS_A current(5),rail_0V8_SW_A current(6),rail_VDD_CORE_A current(7),rail_3V3_DAC_A current(17),rail_3V3_ADC_A current(18),rail_0V8_AON_A current(16),rail_HDMI_A current(22),rail_3V7_WL_SW_V volt(8),rail_3V3_SYS_V volt(9),rail_1V8_SYS_V volt(10),rail_DDR_VDD2_V volt(11),rail_DDR_VDDQ_V volt(12),rail_1V1_SYS_V volt(13),rail_0V8_SW_V volt(14),rail_VDD_CORE_V volt(15),rail_3V3_DAC_V volt(20),rail_3V3_ADC_V volt(21),rail_0V8_AON_V volt(19),rail_HDMI_V volt(23),rail_EXT5V_V volt(24),rail_BATT_V volt(25)
0.33055301173590124,49.9,2400,327680,0.09954486,0.05367615,0.1766433,0.02830197,0.0,0.1873786,0.3425514,2.62542,0.0,0.0,0.0031746,0.0141636,3.689569,3.319313,1.805615,1.107691,0.6051276,1.107691,0.8014644,0.9278135,3.319594,3.312268,0.8014645,4.90038,4.88162,0.0
5065.44261801173,54.9,2400,327680,0.0,0.05367615,0.1737155,0.00585558,0.0,0.1854267,0.3396236,1.61633,0.0,0.0,0.00311355,0.0133089,3.710912,3.320241,1.803661,1.11282,0.611721,1.110988,0.8051274,0.9280821,3.318678,3.311352,0.8005854,5.0116,5.00624,0.0
10118.653821002226,59.3,2400,327680,0.0,0.06929103,0.1873786,0.05172429,0.031863,0.1873786,0.3474311,3.96492,0.0,0.0,0.00299145,0.0131868,3.621828,3.319313,1.805126,1.106592,0.6014646,1.102929,0.8018308,0.9299625,3.316846,3.310436,0.8011714,4.90038,4.90574,0.0
15170.847588015022,63.1,2400,327680,0.1034486,0.05270022,0.1766433,0.06343545,0.0,0.1883545,0.3610941,5.08117,0.0,0.0,0.0035409,0.0131868,3.665442,3.317457,1.804638,1.110988,0.6014646,1.107691,0.8018308,0.9291566,3.315931,3.307689,0.8005854,4.83874,4.87894,0.0
20235.42746901512,62.6,2400,327680,0.09856894,0.05660394,0.1922582,0.2849716,0.0622554,0.1883545,0.4762538,5.21512,0.0,0.0,0.00311355,0.0131868,3.614404,3.319313,1.80415,1.10879,0.6018309,1.107325,0.8007318,0.9286194,3.317762,3.311352,0.8008783,4.86018,4.85482,0.0
25294.285491021583,65.9,2400,327680,0.01463895,0.05660394,0.1805471,0.1717637,0.0,0.1864026,0.5484726,6.71536,0.0,0.0,0.0032967,0.0136752,3.617188,3.320241,1.804638,1.109523,0.6051276,1.110622,0.8025633,0.9280821,3.319594,3.310436,0.8005854,4.82266,4.81864,0.0
30355.357899999944,65.3,2400,327680,0.00097593,0.05465208,0.1893304,0.1073523,0.0,0.1883545,0.4128184,3.58093,0.0,0.0,0.00360195,0.0130647,3.607908,3.318385,1.803661,1.115017,0.6051276,1.107325,0.8018308,0.9291566,3.318678,3.311352,0.8011714,4.79184,4.7905,0.0
35405.36421901197,67.5,2400,327680,0.00292779,0.05562801,0.1805471,0.03025383,0.0,0.1873786,0.3493829,7.13507,0.0,0.0,0.0031746,0.0131868,3.629252,3.317457,1.80415,1.107325,0.6014646,1.110622,0.8040285,0.9283507,3.317762,3.311352,0.8008783,4.80926,4.8441,0.0
40448.22982000187,65.3,2400,327680,0.00292779,0.05367615,0.1746915,0.08100219,0.0,0.1873786,0.3445033,5.36693,0.0,0.0,0.00299145,0.0131868,3.610692,3.319313,1.803661,1.110622,0.6069591,1.107325,0.8043948,0.9294252,3.315931,3.310436,0.8005854,4.8441,4.80658,0.0
45502.88663301035,67.0,2400,327680,0.0,0.05757987,0.1746915,0.01659081,0.0,0.1961619,0.3464552,5.78664,0.0,0.0,0.00335775,0.0128205,3.621828,3.319313,1.80415,1.114651,0.600732,1.108424,0.8025633,0.9291566,3.317762,3.310436,0.8005854,4.88162,4.84544,0.0
50558.72562000877,65.9,2400,327680,0.00195186,0.05562801,0.1756674,0.00878337,0.0,0.1981138,0.3513348,5.88487,0.0,6.105e-05,0.00299145,0.0130647,3.628324,3.322097,1.803661,1.116482,0.608058,1.10879,0.8036622,0.9296938,3.317762,3.312268,0.8005854,4.86152,4.84678,0.0
55617.41586000426,63.1,2400,327680,0.01268709,0.05757987,0.1746915,0.01756674,0.0,0.1990897,0.3513348,3.06299,0.0,0.0002442,0.0030525,0.0136752,3.672866,3.321169,1.803661,1.111354,0.6051276,1.107325,0.8040285,0.9283507,3.317762,3.312268,0.8011714,4.96336,4.9513,0.0
60665.804613003274,66.4,2400,327680,0.00097593,0.05270022,0.1746915,0.00780744,0.0,0.1844508,0.3474311,4.33998,0.0,0.0,0.00323565,0.0131868,3.621828,3.319313,1.804638,1.113552,0.6073254,1.102197,0.8025633,0.928888,3.319594,3.308605,0.8008783,4.86152,4.86688,0.0
65718.856195017,63.1,2400,327680,0.00390372,0.05270022,0.1756674,0.00585558,0.0,0.1883545,0.3601182,4.30426,0.0,0.0,0.00311355,0.0136752,3.663586,3.318385,1.806103,1.115017,0.6014646,1.101464,0.8010981,0.9294252,3.318678,3.311352,0.8014645,4.90976,4.99418,0.0
70766.41221300815,59.3,2400,327680,0.09564114,0.05270022,0.1746915,0.03610941,0.0,0.1883545,0.3464552,3.00048,0.0,6.105e-05,0.0039072,0.0130647,3.682145,3.318385,1.802684,1.110622,0.6036624,1.109156,0.8040285,0.9286194,3.318678,3.311352,0.8005854,4.96336,4.96202,0.0
75813.27630902524,64.2,2400,327680,0.09856894,0.06441138,0.1903064,0.1756674,0.0137256,0.1883545,0.3445033,4.17924,0.0,0.0,0.00311355,0.0136752,3.639459,3.318385,1.802684,1.10879,0.6003657,1.104761,0.8010981,0.9294252,3.319594,3.310436,0.8005854,4.8441,4.86822,0.0
80873.80801001564,66.4,2400,327680,0.1024727,0.05562801,0.1903064,0.1717637,0.0088236,0.1873786,0.4284333,4.38463,0.0,6.105e-05,0.00299145,0.0136752,3.621828,3.320241,1.80415,1.107325,0.6025635,1.107325,0.8014644,0.9326486,3.317762,3.311352,0.8011714,4.8776,4.88564,0.0
85926.60457201418,67.0,2400,327680,0.01561488,0.05465208,0.1873786,0.05172429,0.0,0.1893304,0.4908928,6.62606,0.0,0.0,0.00311355,0.0131868,3.622756,3.319313,1.803661,1.110255,0.6065928,1.104761,0.8014644,0.9259331,3.317762,3.311352,0.8008783,4.824,4.81194,0.0
90977.78909202316,65.3,2400,327680,0.09856894,0.05367615,0.1756674,0.05270022,0.0,0.1834748,0.3786608,4.3757,0.0,0.0,0.0039072,0.0135531,3.618116,3.317457,1.80415,1.11282,0.6047613,1.111354,0.8014644,0.928888,3.317762,3.307689,0.8005854,4.8374,4.8977,0.0
96028.92349602189,66.4,2400,327680,0.00487965,0.05270022,0.1864026,0.1385821,0.0,0.1893304,0.4235536,6.36709,0.0001221,6.105e-05,0.00299145,0.0126984,3.607908,3.316529,1.802684,1.110988,0.6069591,1.107691,0.8007318,0.9283507,3.315015,3.310436,0.8008783,4.8039,4.8642,0.0
101086.10800502356,69.2,2400,327680,0.01659081,0.05172429,0.1805471,0.1522451,0.0,0.1912823,0.4860132,6.63499,0.0001221,6.105e-05,0.0031746,0.0131868,3.607908,3.322097,1.802684,1.106959,0.6036624,1.109156,0.8007318,0.9304997,3.316846,3.311352,0.8014645,4.83338,4.80658,0.0
106137.7688270004,67.5,2400,327680,0.01366302,0.06343545,0.1873786,0.05270022,0.0,0.1932341,0.5074836,6.00096,0.0001221,6.105e-05,0.00347985,0.0126984,3.604197,3.317457,1.803661,1.107691,0.6051276,1.110622,0.8029296,0.9283507,3.317762,3.310436,0.8005854,4.80658,4.82266,0.0
111194.8191219999,67.5,2400,327680,0.1014967,0.06050766,0.1883545,0.08392998,0.0,0.1873786,0.4235536,6.35816,0.0,0.0,0.00286935,0.0131868,3.582854,3.316529,1.802684,1.110622,0.6047613,1.102929,0.8014644,0.9280821,3.316846,3.311352,0.8005854,4.81194,4.8106,0.0
116246.86919001397,67.5,2400,327680,0.00292779,0.06343545,0.1922582,0.195186,0.0,0.1844508,0.3659738,4.08994,0.0001221,6.105e-05,0.00360195,0.0136752,3.637603,3.317457,1.80415,1.107325,0.600732,1.107691,0.8025633,0.9280821,3.315931,3.310436,0.8005854,4.81328,4.88832,0.0
121301.3451610168,68.1,2400,327680,0.1024727,0.06050766,0.1903064,0.04196499,0.0,0.1873786,0.3523108,6.95647,0.0001221,0.0,0.0032967,0.0126984,3.582854,3.320241,1.80415,1.10586,0.6032961,1.110622,0.802197,0.9304997,3.317762,3.311352,0.8008783,4.80524,4.79988,0.0
126355.37813100382,67.0,2400,327680,0.097593,0.05367615,0.1737155,0.01073523,0.0,0.2010416,0.3435274,1.85744,0.0,0.0,0.00311355,0.0136752,3.663586,3.319313,1.804638,1.112087,0.6047613,1.107325,0.8029296,0.9283507,3.317762,3.312268,0.8008783,4.97944,4.9781,0.0
131414.9062030192,69.2,2400,327680,0.0,0.05660394,0.1873786,0.05953173,0.0,0.1893304,0.4235536,5.73306,0.0,0.0,0.0035409,0.0136752,3.607908,3.318385,1.802684,1.110622,0.6065928,1.110622,0.8003655,0.928888,3.319594,3.311352,0.8005854,4.824,4.81194,0.0
136465.99115102435,68.6,2400,327680,0.00390372,0.05465208,0.1834748,0.166884,0.0004902,0.1883545,0.363046,7.769099,0.0,0.0,0.00311355,0.0131868,3.583782,3.319313,1.805126,1.107691,0.6029298,1.109156,0.8032959,0.928888,3.317762,3.311352,0.8005854,4.88296,4.76906,0.0
141521.7170790129,68.6,2400,327680,0.00780744,0.06148359,0.181523,0.1620044,0.0,0.1903064,0.5416412,5.81343,0.0,0.0,0.0035409,0.0131868,3.60698,3.323025,1.805126,1.109523,0.6051276,1.107691,0.8010981,0.9326486,3.315931,3.315015,0.8011714,4.86152,4.8441,0.0
146590.16351701575,69.7,2400,327680,0.00780744,0.05367615,0.181523,0.08588185,0.0,0.1883545,0.4840613,6.05454,6.105e-05,0.0002442,0.00335775,0.0136752,3.615332,3.322097,1.800731,1.107325,0.6021972,1.104394,0.7996329,0.9313055,3.315015,3.310436,0.8011714,4.83338,4.84544,0.0
151637.94150101603,68.6,2400,327680,0.0,0.06245952,0.1912823,0.08490592,0.0,0.1903064,0.4821094,6.94754,6.105e-05,0.0,0.00311355,0.0131868,3.592133,3.319313,1.805126,1.113552,0.6065928,1.107691,0.8010981,0.9294252,3.314099,3.312268,0.8002922,4.8441,4.84544,0.0
156698.92751102452,70.8,2400,327680,0.01366302,0.05465208,0.1746915,0.09173742,0.0,0.1864026,0.3591422,7.64408,0.0,0.0,0.00335775,0.0126984,3.583782,3.320241,1.805126,1.11282,0.600732,1.106592,0.8025633,0.9280821,3.316846,3.313183,0.8002922,4.7905,4.78782,0.0
161754.90222501685,67.0,2400,327680,0.1034486,0.06148359,0.1873786,0.08490592,0.0,0.1873786,0.4538074,6.58141,0.0001221,0.0002442,0.00372405,0.0128205,3.599557,3.316529,1.802684,1.110255,0.6047613,1.104394,0.8018308,0.9286194,3.315931,3.310436,0.8002922,4.81194,4.81194,0.0
166809.59192902083,68.1,2400,327680,0.09954486,0.06148359,0.1746915,0.03806127,0.0,0.1883545,0.3454792,4.3757,0.0,6.105e-05,0.0031746,0.0135531,3.639459,3.322097,1.802196,1.11282,0.6054939,1.101464,0.8040285,0.9294252,3.317762,3.310436,0.8008783,4.88698,4.89234,0.0
171857.80897800578,68.6,2400,327680,0.1014967,0.05172429,0.1834748,0.2430066,0.0083334,0.1893304,0.3747572,7.76017,0.0,0.0,0.0034188,0.0128205,3.562438,3.318385,1.80415,1.107325,0.6018309,1.107325,0.8018308,0.9280821,3.317762,3.310436,0.8005854,4.85884,4.76504,0.0
176917.69830702106,68.6,2400,327680,0.00585558,0.06441138,0.1883545,0.08588185,0.0,0.1854267,0.3591422,5.60804,0.0,0.0,0.00347985,0.0135531,3.610692,3.317457,1.80415,1.109156,0.6036624,1.107691,0.8043948,0.9299625,3.319594,3.310436,0.7997062,4.86822,4.77308,0.0
181970.60315302224,69.2,2400,327680,0.09856894,0.0585558,0.1805471,0.1151597,0.0,0.1883545,0.3601182,4.44714,0.0001221,0.0,0.00299145,0.0125763,3.61162,3.318385,1.80415,1.107325,0.6047613,1.110622,0.8018308,0.9286194,3.316846,3.312268,0.8005854,4.80256,4.81194,0.0
187034.93255900685,69.7,2400,327680,0.0,0.05172429,0.1795711,0.05270022,0.0,0.1883545,0.4860132,6.00096,0.0001221,0.0,0.00311355,0.0128205,3.619044,3.321169,1.80415,1.109889,0.608058,1.104394,0.8036622,0.9283507,3.317762,3.314099,0.8002922,4.86018,4.82266,0.0
192085.6293310062,68.1,2400,327680,0.00292779,0.05074836,0.1805471,0.04001313,0.0,0.1883545,0.391348,5.73306,0.0,0.0,0.0035409,0.0131868,3.6209,3.320241,1.803173,1.113552,0.6036624,1.107691,0.8018308,0.9315742,3.317762,3.310436,0.8005854,4.85482,4.8441,0.0
197150.35671700025,68.6,2400,327680,0.00097593,0.05562801,0.1756674,0.02439825,0.0,0.1903064,0.3474311,3.58986,0.0,0.0,0.00323565,0.0131868,3.636675,3.317457,1.803173,1.115017,0.6065928,1.110622,0.8025633,0.928888,3.314099,3.311352,0.8002922,4.90842,4.86554,0.0
202202.94803200522,67.5,2400,327680,0.00487965,0.06538731,0.1795711,0.0780744,0.0,0.1893304,0.390372,5.97417,0.0001221,6.105e-05,0.0034188,0.0131868,3.614404,3.317457,1.80415,1.113552,0.6076917,1.104394,0.8029296,0.9280821,3.316846,3.311352,0.8017574,4.8441,4.85482,0.0
207253.80149201374,69.2,2400,327680,0.00390372,0.05074836,0.1834748,0.06050766,0.0,0.2029934,0.363046,6.57248,0.0001221,0.0,0.0039072,0.0126984,3.619044,3.323953,1.805126,1.109523,0.6014646,1.107325,0.8018308,0.9280821,3.315931,3.310436,0.8011714,4.84544,4.84544,0.0
212307.85955800093,67.0,2400,327680,0.1024727,0.05367615,0.1883545,0.08588185,0.0019608,0.1893304,0.418674,4.81327,0.0001221,6.105e-05,0.00299145,0.0128205,3.615332,3.317457,1.805126,1.107691,0.6047613,1.107691,0.8032959,0.9326486,3.317762,3.313183,0.8005854,4.83338,4.86688,0.0
217364.3650340091,66.4,2400,327680,0.09954486,0.05465208,0.1873786,0.1317506,0.0,0.2020175,0.4147702,5.4473,0.0,0.0,0.00311355,0.0130647,3.618116,3.321169,1.80415,1.108424,0.6073254,1.109156,0.8036622,0.928888,3.316846,3.311352,0.8002922,4.86688,4.87894,0.0
222418.88526899857,68.6,2400,327680,0.0097593,0.1014967,0.2147046,0.1454136,0.0,0.1912823,0.376709,6.23314,0.0,0.0,0.00335775,0.0131868,3.592133,3.318385,1.805615,1.107325,0.6036624,1.102929,0.8025633,0.928888,3.314099,3.316846,0.8002922,4.80122,4.84544,0.0
227479.0180179989,69.2,2400,327680,0.1073523,0.05562801,0.1834748,0.1327265,0.0,0.1873786,0.3747572,6.50997,0.0,0.0,0.0035409,0.0130647,3.599557,3.320241,1.800731,1.109523,0.6032961,1.110622,0.8029296,0.9275449,3.318678,3.310436,0.8002922,4.80122,4.80256,0.0
232537.99485502532,68.6,2400,327680,0.00292779,0.05757987,0.1776193,0.04098906,0.0,0.1903064,0.391348,5.95631,0.0,0.0,0.0039072,0.0131868,3.614404,3.317457,1.803661,1.10879,0.6058602,1.107325,0.8036622,0.9280821,3.318678,3.311352,0.8002922,4.8441,4.85884,0.0
237586.93779201712,69.2,2400,327680,0.00195186,0.05465208,0.1912823,0.1151597,0.0,0.1883545,0.4167221,5.7152,6.105e-05,0.0,0.00335775,0.0135531,3.586565,3.319313,1.802684,1.107691,0.6036624,1.110622,0.802197,0.9278135,3.317762,3.311352,0.8002922,4.85482,4.78916,0.0
242645.87343201856,68.6,2400,327680,0.00292779,0.05660394,0.1922582,0.1356543,0.0019608,0.1990897,0.4235536,5.54553,0.0,0.0,0.00335775,0.013431,3.609764,3.317457,1.80415,1.107325,0.6036624,1.107691,0.8007318,0.9286194,3.317762,3.311352,0.8005854,4.81194,4.79586,0.0
247706.49776700884,68.6,2400,327680,0.01463895,0.05953173,0.1883545,0.1795711,0.0,0.2020175,0.5338338,6.72429,0.0,0.0,0.00335775,0.0130647,3.58471,3.317457,1.803661,1.109889,0.6069591,1.102929,0.8014644,0.9259331,3.317762,3.311352,0.8002922,4.80122,4.85884,0.0
252765.9095240233,68.6,2400,327680,0.01073523,0.05367615,0.1834748,0.05562801,0.0,0.1873786,0.3932998,7.01005,0.0,0.0,0.0032967,0.013431,3.593061,3.321169,1.80415,1.109523,0.6014646,1.104394,0.8010981,0.9315742,3.320509,3.311352,0.8005854,4.8441,4.84544,0.0
257817.67349501024,68.6,2400,327680,0.0,0.05367615,0.1834748,0.1473654,0.0,0.1883545,0.4840613,6.04561,0.0001221,0.00030525,0.0039072,0.0128205,3.607908,3.318385,1.803173,1.10586,0.6021972,1.107691,0.8040285,0.9304997,3.316846,3.310436,0.8002922,4.80122,4.80256,0.0
262872.9059250036,68.6,2400,327680,0.1005208,0.05757987,0.1795711,0.00878337,0.0,0.1912823,0.3884201,4.36677,6.105e-05,0.0,0.003663,0.0128205,3.637603,3.321169,1.803173,1.106959,0.6036624,1.110622,0.8014644,0.9304997,3.317762,3.311352,0.8002922,4.76504,4.7637,0.0
267926.92292502034,68.1,2400,327680,0.00292779,0.06148359,0.1864026,0.1171116,0.0,0.1893304,0.4118425,5.57232,0.0,0.0,0.00347985,0.0131868,3.62554,3.318385,1.80415,1.114285,0.6029298,1.107325,0.8007318,0.9286194,3.317762,3.311352,0.8005854,4.88296,4.85884,0.0
272985.5970060162,70.3,2400,327680,0.097593,0.05367615,0.1746915,0.00487965,0.0,0.1893304,0.3435274,1.79493,6.105e-05,0.0,0.0039072,0.0135531,3.655234,3.317457,1.805126,1.113552,0.6029298,1.110622,0.8054938,0.9283507,3.318678,3.312268,0.8005854,4.97676,4.96872,0.0
278058.16494702594,69.7,2400,327680,0.0,0.05757987,0.1864026,0.1219913,0.0039216,0.1903064,0.3679256,5.99203,0.0,0.00018315,0.00311355,0.0128205,3.614404,3.316529,1.803661,1.10879,0.6036624,1.104394,0.8014644,0.9237842,3.320509,3.311352,0.8005854,4.8441,4.85884,0.0
283132.16282700887,70.8,2400,327680,0.0,0.05660394,0.1805471,0.05367615,0.0,0.1873786,0.3610941,7.751239,0.0001221,6.105e-05,0.00335775,0.0130647,3.571718,3.317457,1.805126,1.109523,0.604395,1.104761,0.8029296,0.9283507,3.317762,3.310436,0.8002922,4.7704,4.86956,0.0
288186.71294199885,69.2,2400,327680,0.0195186,0.05367615,0.1805471,0.03708534,0.0,0.1932341,0.3932998,5.70627,0.0,0.0,0.00335775,0.0136752,3.614404,3.318385,1.805126,1.111354,0.6076917,1.102929,0.8040285,0.9286194,3.318678,3.314099,0.8008783,4.86018,4.8508,0.0
293253.6660390033,70.3,2400,327680,0.00292779,0.05367615,0.1785952,0.1307746,0.0,0.2098249,0.4674705,6.00989,0.0001221,0.0,0.0039072,0.0131868,3.615332,3.319313,1.805126,1.110988,0.5999994,1.107325,0.8040285,0.9283507,3.317762,3.315015,0.8002922,4.8441,4.85482,0.0
298307.1721580054,69.7,2400,327680,0.01659081,0.06733918,0.1776193,0.05465208,0.0,0.1893304,0.3679256,5.72413,0.0001221,6.105e-05,0.0039072,0.0126984,3.60698,3.318385,1.805126,1.113552,0.6051276,1.101464,0.8087904,0.928888,3.318678,3.310436,0.8002922,4.87492,4.8441,0.0
303366.84140301077,68.1,2400,327680,0.00390372,0.06245952,0.1766433,0.07709848,0.0,0.1873786,0.4157462,5.97417,0.0,0.0002442,0.00335775,0.0129426,3.614404,3.318385,1.805126,1.113918,0.6029298,1.109156,0.8007318,0.928888,3.316846,3.311352,0.8002922,4.85482,4.8441,0.0
308415.1634120208,71.4,2400,327680,0.00390372,0.05660394,0.1873786,0.05562801,0.0,0.1893304,0.4528315,4.40249,6.105e-05,0.0,0.00360195,0.0128205,3.593061,3.315601,1.803661,1.108058,0.6010983,1.102929,0.7967025,0.9286194,3.317762,3.310436,0.8005854,4.80256,4.8039,0.0
313467.4610280199,69.2,2400,327680,0.00390372,0.05367615,0.195186,0.2351991,0.0029412,0.1893304,0.4245296,3.00941,0.0001221,0.0,0.00335775,0.0130647,3.603268,3.318385,1.804638,1.107325,0.6032961,1.110622,0.8029296,0.9304997,3.318678,3.310436,0.8002922,4.87626,4.86018,0.0
318523.18332900177,71.4,2400,327680,0.00292779,0.05270022,0.181523,0.01561488,0.0,0.1903064,0.3728053,7.06363,0.0001221,6.105e-05,0.003663,0.0128205,3.60698,3.320241,1.80415,1.11172,0.6054939,1.107691,0.8036622,0.928888,3.317762,3.311352,0.8002922,4.77978,4.80122,0.0
323582.72783100256,70.3,2400,327680,0.00195186,0.05465208,0.1737155,0.01073523,0.0,0.1883545,0.3474311,4.43821,6.105e-05,0.0,0.0034188,0.0136752,3.632963,3.317457,1.80415,1.114651,0.6036624,1.110622,0.8040285,0.9280821,3.315931,3.30952,0.8002922,4.86152,4.8441,0.0
328638.78777701757,71.4,2400,327680,0.01073523,0.05660394,0.1756674,0.00878337,0.0,0.1883545,0.3523108,4.56323,0.0,0.0001221,0.003663,0.0129426,3.58471,3.317457,1.80415,1.109889,0.6029298,1.109156,0.8025633,0.928888,3.317762,3.310436,0.8005854,4.78112,4.77978,0.0
333691.1500580027,69.7,2400,327680,0.00195186,0.05757987,0.1785952,0.04489278,0.0,0.1903064,0.3581663,5.73306,0.0,6.105e-05,0.003663,0.0131868,3.615332,3.321169,1.803173,1.107325,0.6036624,1.109156,0.8014644,0.9283507,3.317762,3.311352,0.8002922,4.86152,4.85616,0.0
338740.50820601406,69.2,2400,327680,0.00097593,0.09076149,0.2137287,0.08490592,0.0,0.1883545,0.3542626,5.74199,0.0001221,6.105e-05,0.0032967,0.0128205,3.619044,3.318385,1.80415,1.110622,0.6018309,1.107691,0.8018308,0.928888,3.317762,3.313183,0.8002922,4.8508,4.84678,0.0
343794.79145500227,69.7,2400,327680,0.00292779,0.05465208,0.1795711,0.05465208,0.0,0.2010416,0.4196499,5.87594,6.105e-05,0.0,0.0031746,0.0128205,3.580998,3.320241,1.80415,1.112087,0.6036624,1.110622,0.8014644,0.9294252,3.317762,3.310436,0.8002922,4.891,4.77844,0.0
348850.5719800014,71.4,2400,327680,0.1054004,0.05270022,0.1873786,0.1044245,0.0,0.1893304,0.4674705,6.313509,0.0001221,0.0,0.0031746,0.0131868,3.578214,3.316529,1.802684,1.11282,0.6025635,1.10586,0.8014644,0.9280821,3.317762,3.311352,0.8002922,4.84276,4.81596,0.0
353914.88174302503,71.4,2400,327680,0.01268709,0.05465208,0.1824989,0.1493173,0.0,0.1893304,0.4225777,6.00096,0.0,0.0,0.00335775,0.0125763,3.588421,3.319313,1.801708,1.111354,0.6065928,1.107325,0.8003655,0.9291566,3.318678,3.311352,0.8002922,4.80122,4.81194,0.0
358978.027175006,68.6,2400,327680,0.00195186,0.05465208,0.1785952,0.07026696,0.0,0.1883545,0.3464552,4.30426,0.0,0.0,0.00347985,0.0126984,3.583782,3.319313,1.803173,1.10879,0.6014646,1.107691,0.8051274,0.9280821,3.318678,3.311352,0.8002922,4.87358,4.79184,0.0
364033.3457910165,70.3,2400,327680,0.00585558,0.05562801,0.1756674,0.04001313,0.0,0.1903064,0.3445033,4.26854,0.0,0.0,0.0039072,0.0135531,3.599557,3.322097,1.801708,1.109523,0.6069591,1.11172,0.8010981,0.9304997,3.314099,3.313183,0.8002922,4.84544,4.84544,0.0
369090.7620320213,70.8,2400,327680,0.0097593,0.05660394,0.1776193,0.01073523,0.0,0.1883545,0.3464552,4.49179,0.0,0.0,0.00311355,0.0131868,3.632035,3.319313,1.802684,1.109523,0.6065928,1.110622,0.8010981,0.9280821,3.316846,3.310436,0.8011714,4.85616,4.84544,0.0
374142.7583270124,68.6,2400,327680,0.1083282,0.05270022,0.1795711,0.2430066,0.007353,0.2000657,0.3825646,3.17908,0.0,0.0,0.00347985,0.0126984,3.621828,3.317457,1.803173,1.107325,0.6065928,1.104394,0.8036622,0.928888,3.314099,3.315015,0.8005854,4.86018,4.7771,0.0
379196.9369870203,69.7,2400,327680,0.112232,0.05465208,0.1776193,0.02342232,0.0,0.1903064,0.3610941,5.73306,0.0,0.0002442,0.00311355,0.013431,3.592133,3.318385,1.804638,1.110988,0.6021972,1.110255,0.8025633,0.9294252,3.317762,3.311352,0.8005854,4.84544,4.84142,0.0
384250.7626990264,68.6,2400,327680,0.0195186,0.05367615,0.1727396,0.00487965,0.0,0.1883545,0.348407,4.43821,0.0,6.105e-05,0.00311355,0.0130647,3.608836,3.319313,1.803661,1.113552,0.6047613,1.104394,0.7996329,0.9280821,3.318678,3.310436,0.8002922,4.85482,4.85482,0.0
389302.74175302475,68.6,2400,327680,0.01073523,0.06050766,0.1893304,0.05367615,0.0,0.1883545,0.3503589,5.96524,0.0001221,0.0,0.0031746,0.0129426,3.608836,3.318385,1.805126,1.107325,0.6021972,1.109156,0.8029296,0.9294252,3.318678,3.311352,0.8005854,4.824,4.85616,0.0
394353.42927402235,70.8,2400,327680,0.00390372,0.05660394,0.1756674,0.02537418,0.0,0.1903064,0.3396236,5.86701,0.0,0.0,0.0034188,0.0129426,3.632035,3.317457,1.803173,1.112087,0.6040287,1.107691,0.8025633,0.928888,3.316846,3.311352,0.8002922,4.88832,4.86688,0.0
399413.87954499805,69.2,2400,327680,0.00097593,0.05465208,0.1854267,0.05562801,0.0,0.1893304,0.3640219,7.572639,0.0,0.0,0.00347985,0.0128205,3.58007,3.320241,1.802684,1.109523,0.6036624,1.109156,0.8018308,0.9286194,3.316846,3.311352,0.8002922,4.891,4.88832,0.0
404475.6596700172,71.4,2400,327680,0.00487965,0.06343545,0.1893304,0.1415099,0.0,0.1893304,0.4430722,6.8761,0.0,0.0,0.0034188,0.0129426,3.591205,3.318385,1.80415,1.113552,0.6076917,1.107691,0.8029296,0.9294252,3.316846,3.311352,0.8005854,4.8106,4.80524,0.0
409541.7744030128,71.4,2400,327680,0.1014967,0.05953173,0.1893304,0.05465208,0.0,0.1864026,0.4840613,7.08149,6.105e-05,0.0,0.0034188,0.0129426,3.57079,3.322097,1.805126,1.10586,0.6051276,1.105127,0.8010981,0.9326486,3.318678,3.310436,0.8002922,4.80122,4.7771,0.0
414603.218483011,72.5,2400,327680,0.0,0.05465208,0.181523,0.1483414,0.0,0.1922582,0.4830854,6.86717,6.105e-05,0.0,0.003663,0.0131868,3.580998,3.317457,1.805126,1.10879,0.6047613,1.107691,0.802197,0.9283507,3.320509,3.306773,0.8014645,4.80256,4.83874,0.0
419663.22114301147,72.5,2400,327680,0.00585558,0.05562801,0.1824989,0.1473654,0.0,0.1942101,0.3747572,7.143999,6.105e-05,0.0,0.00335775,0.013431,3.600485,3.317457,1.802196,1.10586,0.6040287,1.107691,0.802197,0.9304997,3.314099,3.310436,0.8005854,4.85482,4.84276,0.0
424725.1018220268,72.5,2400,327680,0.00097593,0.05367615,0.1854267,0.02244639,0.0,0.1922582,0.3552385,5.50088,0.0,0.0,0.00286935,0.0125763,3.58471,3.319313,1.803173,1.106959,0.6036624,1.109523,0.8032959,0.928888,3.317762,3.30952,0.8002922,4.80256,4.79318,0.0
429790.7116690185,71.4,2400,327680,0.00292779,0.05465208,0.1795711,0.06636324,0.0,0.1990897,0.3659738,6.02775,6.105e-05,0.0,0.00311355,0.0130647,3.614404,3.317457,1.801708,1.110622,0.6032961,1.107325,0.8043948,0.9286194,3.317762,3.311352,0.8005854,4.8106,4.81328,0.0
434850.81985301804,70.3,2400,327680,0.00487965,0.05660394,0.1766433,0.05562801,0.0,0.1893304,0.3591422,6.14384,0.0,0.0,0.0035409,0.0129426,3.61162,3.319313,1.802684,1.109889,0.6025635,1.107691,0.8014644,0.9304997,3.318678,3.315015,0.8011714,4.85616,4.85482,0.0
439911.3086220168,72.5,2400,327680,0.0,0.05562801,0.1785952,0.08588185,0.0,0.1893304,0.3552385,4.43821,0.0,0.0,0.0034188,0.0126984,3.571718,3.318385,1.805126,1.113552,0.6032961,1.109156,0.8010981,0.9278135,3.317762,3.311352,0.8005854,4.86554,4.78112,0.0
444963.5971210082,70.3,2400,327680,0.111256,0.05465208,0.1766433,0.05465208,0.0004902,0.1903064,0.3728053,7.143999,0.0,0.0,0.00347985,0.0125763,3.585637,3.318385,1.805126,1.107325,0.6014646,1.107691,0.8040285,0.9326486,3.317762,3.311352,0.8002922,4.80122,4.82534,0.0
450014.79579199804,70.8,2400,327680,0.01171116,0.05270022,0.1766433,0.0195186,0.0,0.1873786,0.348407,5.59911,6.105e-05,0.0,0.0031746,0.0131868,3.617188,3.318385,1.803173,1.114285,0.6076917,1.110988,0.8010981,0.928888,3.317762,3.310436,0.8002922,4.86554,4.86554,0.0
