path,config_id,class,config_json,leaf,params,macs,input_kind,input_shapes,out_shapes,count,lat_mean_ms,lat_median_ms,lat_std_ms
model.0,badac5f330c0bb8c,Conv,"{""class"": ""Conv""}",False,464,,tensor,"[[1, 3, 480, 640]]","[[1, 16, 240, 320]]",7,14.3431,14.3743,0.7044
model.0.conv,c000f8a61b6a18d8,Conv2d,"{""class"": ""Conv2d"", ""dilation"": [1, 1], ""groups"": 1, ""in_channels"": 3, ""kernel_size"": [3, 3], ""out_channels"": 16, ""padding"": [1, 1], ""stride"": [2, 2]}",True,432,33177600,tensor,"[[1, 3, 480, 640]]","[[1, 16, 240, 320]]",7,12.4349,12.4007,0.7222
model.0.act,721d05975fd0a302,SiLU,"{""class"": ""SiLU""}",True,0,,tensor,"[[1, 16, 240, 320]]","[[1, 16, 240, 320]]",7,0.1148,0.1109,0.0104
model.1,badac5f330c0bb8c,Conv,"{""class"": ""Conv""}",False,4672,,tensor,"[[1, 16, 240, 320]]","[[1, 32, 120, 160]]",7,9.0219,9.0028,0.217
model.1.conv,5598c54d1a5113dd,Conv2d,"{""class"": ""Conv2d"", ""dilation"": [1, 1], ""groups"": 1, ""in_channels"": 16, ""kernel_size"": [3, 3], ""out_channels"": 32, ""padding"": [1, 1], ""stride"": [2, 2]}",True,4608,88473600,tensor,"[[1, 16, 240, 320]]","[[1, 32, 120, 160]]",7,7.9317,7.9055,0.1698
model.2,1feff90f3b9ccccf,C3k2,"{""class"": ""C3k2""}",False,6640,,tensor,"[[1, 32, 120, 160]]","[[1, 64, 120, 160]]",7,30.596,30.2527,1.1082
model.2.cv1,badac5f330c0bb8c,Conv,"{""class"": ""Conv""}",False,1088,,tensor,"[[1, 32, 120, 160]]","[[1, 32, 120, 160]]",7,6.6312,6.56,0.1253
model.2.cv1.conv,a06d1c13113d6cb6,Conv2d,"{""class"": ""Conv2d"", ""dilation"": [1, 1], ""groups"": 1, ""in_channels"": 32, ""kernel_size"": [1, 1], ""out_channels"": 32, ""padding"": [0, 0], ""stride"": [1, 1]}",True,1024,19660800,tensor,"[[1, 32, 120, 160]]","[[1, 32, 120, 160]]",7,5.5063,5.5067,0.2595
model.2.cv2,badac5f330c0bb8c,Conv,"{""class"": ""Conv""}",False,3200,,tensor,"[[1, 48, 120, 160]]","[[1, 64, 120, 160]]",7,15.884,15.6372,0.9992
model.2.cv2.conv,766b4948e73bfddf,Conv2d,"{""class"": ""Conv2d"", ""dilation"": [1, 1], ""groups"": 1, ""in_channels"": 48, ""kernel_size"": [1, 1], ""out_channels"": 64, ""padding"": [0, 0], ""stride"": [1, 1]}",True,3072,58982400,tensor,"[[1, 48, 120, 160]]","[[1, 64, 120, 160]]",7,13.5882,13.8189,0.374
model.2.m.0,ae4ed55649189a64,Bottleneck,"{""class"": ""Bottleneck""}",False,2352,,tensor,"[[1, 16, 120, 160]]","[[1, 16, 120, 160]]",7,6.7614,6.5748,0.3804
model.2.m.0.cv1,badac5f330c0bb8c,Conv,"{""class"": ""Conv""}",False,1168,,tensor,"[[1, 16, 120, 160]]","[[1, 8, 120, 160]]",7,2.505,2.5149,0.0735
model.2.m.0.cv1.conv,e934310951000623,Conv2d,"{""class"": ""Conv2d"", ""dilation"": [1, 1], ""groups"": 1, ""in_channels"": 16, ""kernel_size"": [3, 3], ""out_channels"": 8, ""padding"": [1, 1], ""stride"": [1, 1]}",True,1152,22118400,tensor,"[[1, 16, 120, 160]]","[[1, 8, 120, 160]]",7,2.1839,2.1829,0.0647
model.2.m.0.cv2,badac5f330c0bb8c,Conv,"{""class"": ""Conv""}",False,1184,,tensor,"[[1, 8, 120, 160]]","[[1, 16, 120, 160]]",7,3.6737,3.6076,0.379
model.2.m.0.cv2.conv,ffc6121a7de1ac0e,Conv2d,"{""class"": ""Conv2d"", ""dilation"": [1, 1], ""groups"": 1, ""in_channels"": 8, ""kernel_size"": [3, 3], ""out_channels"": 16, ""padding"": [1, 1], ""stride"": [1, 1]}",True,1152,22118400,tensor,"[[1, 8, 120, 160]]","[[1, 16, 120, 160]]",7,3.1131,3.0316,0.3599
model.3,badac5f330c0bb8c,Conv,"{""class"": ""Conv""}",False,36992,,tensor,"[[1, 64, 120, 160]]","[[1, 64, 60, 80]]",7,8.5,8.6838,0.4847
model.3.conv,d33f342ed0013fe8,Conv2d,"{""class"": ""Conv2d"", ""dilation"": [1, 1], ""groups"": 1, ""in_channels"": 64, ""kernel_size"": [3, 3], ""out_channels"": 64, ""padding"": [1, 1], ""stride"": [2, 2]}",True,36864,176947200,tensor,"[[1, 64, 120, 160]]","[[1, 64, 60, 80]]",7,7.9322,8.1602,0.4687
model.4,1feff90f3b9ccccf,C3k2,"{""class"": ""C3k2""}",False,26080,,tensor,"[[1, 64, 60, 80]]","[[1, 128, 60, 80]]",7,14.9095,14.8753,0.3647
model.4.cv1,badac5f330c0bb8c,Conv,"{""class"": ""Conv""}",False,4224,,tensor,"[[1, 64, 60, 80]]","[[1, 64, 60, 80]]",7,3.621,3.6421,0.3789
model.4.cv1.conv,8509c678becabfbf,Conv2d,"{""class"": ""Conv2d"", ""dilation"": [1, 1], ""groups"": 1, ""in_channels"": 64, ""kernel_size"": [1, 1], ""out_channels"": 64, ""padding"": [0, 0], ""stride"": [1, 1]}",True,4096,19660800,tensor,"[[1, 64, 60, 80]]","[[1, 64, 60, 80]]",7,3.0963,3.1153,0.3678
model.4.cv2,badac5f330c0bb8c,Conv,"{""class"": ""Conv""}",False,12544,,tensor,"[[1, 96, 60, 80]]","[[1, 128, 60, 80]]",7,6.9606,6.7081,0.4296
model.4.cv2.conv,74724123eebe9ad5,Conv2d,"{""class"": ""Conv2d"", ""dilation"": [1, 1], ""groups"": 1, ""in_channels"": 96, ""kernel_size"": [1, 1], ""out_channels"": 128, ""padding"": [0, 0], ""stride"": [1, 1]}",True,12288,58982400,tensor,"[[1, 96, 60, 80]]","[[1, 128, 60, 80]]",7,5.8724,5.7089,0.346
model.4.m.0,ae4ed55649189a64,Bottleneck,"{""class"": ""Bottleneck""}",False,9312,,tensor,"[[1, 32, 60, 80]]","[[1, 32, 60, 80]]",7,3.639,3.7371,0.2958
model.4.m.0.cv1,badac5f330c0bb8c,Conv,"{""class"": ""Conv""}",False,4640,,tensor,"[[1, 32, 60, 80]]","[[1, 16, 60, 80]]",7,1.6536,1.4175,0.3571
model.4.m.0.cv1.conv,04290e6ccde316eb,Conv2d,"{""class"": ""Conv2d"", ""dilation"": [1, 1], ""groups"": 1, ""in_channels"": 32, ""kernel_size"": [3, 3], ""out_channels"": 16, ""padding"": [1, 1], ""stride"": [1, 1]}",True,4608,22118400,tensor,"[[1, 32, 60, 80]]","[[1, 16, 60, 80]]",7,1.4589,1.2161,0.3546
model.4.m.0.cv2,badac5f330c0bb8c,Conv,"{""class"": ""Conv""}",False,4672,,tensor,"[[1, 16, 60, 80]]","[[1, 32, 60, 80]]",7,1.6462,1.5877,0.1613
model.4.m.0.cv2.conv,58db6d670a6061c2,Conv2d,"{""class"": ""Conv2d"", ""dilation"": [1, 1], ""groups"": 1, ""in_channels"": 16, ""kernel_size"": [3, 3], ""out_channels"": 32, ""padding"": [1, 1], ""stride"": [1, 1]}",True,4608,22118400,tensor,"[[1, 16, 60, 80]]","[[1, 32, 60, 80]]",7,1.2609,1.2603,0.0277
model.5,badac5f330c0bb8c,Conv,"{""class"": ""Conv""}",False,147712,,tensor,"[[1, 128, 60, 80]]","[[1, 128, 30, 40]]",7,5.7296,5.7647,0.1133
model.5.conv,4b4c3f50477a05c2,Conv2d,"{""class"": ""Conv2d"", ""dilation"": [1, 1], ""groups"": 1, ""in_channels"": 128, ""kernel_size"": [3, 3], ""out_channels"": 128, ""padding"": [1, 1], ""stride"": [2, 2]}",True,147456,176947200,tensor,"[[1, 128, 60, 80]]","[[1, 128, 30, 40]]",7,5.4072,5.4354,0.1025
model.6,1feff90f3b9ccccf,C3k2,"{""class"": ""C3k2""}",False,87040,,tensor,"[[1, 128, 30, 40]]","[[1, 128, 30, 40]]",7,10.5838,10.6404,0.2186
model.6.cv1,badac5f330c0bb8c,Conv,"{""class"": ""Conv""}",False,16640,,tensor,"[[1, 128, 30, 40]]","[[1, 128, 30, 40]]",7,1.6434,1.6323,0.0396
model.6.cv1.conv,347e13f415663a02,Conv2d,"{""class"": ""Conv2d"", ""dilation"": [1, 1], ""groups"": 1, ""in_channels"": 128, ""kernel_size"": [1, 1], ""out_channels"": 128, ""padding"": [0, 0], ""stride"": [1, 1]}",True,16384,19660800,tensor,"[[1, 128, 30, 40]]","[[1, 128, 30, 40]]",7,1.3459,1.3374,0.0399
model.6.cv2,badac5f330c0bb8c,Conv,"{""class"": ""Conv""}",False,24832,,tensor,"[[1, 192, 30, 40]]","[[1, 128, 30, 40]]",7,2.5373,2.6346,0.3041
model.6.cv2.conv,f89ca271fc1e6775,Conv2d,"{""class"": ""Conv2d"", ""dilation"": [1, 1], ""groups"": 1, ""in_channels"": 192, ""kernel_size"": [1, 1], ""out_channels"": 128, ""padding"": [0, 0], ""stride"": [1, 1]}",True,24576,29491200,tensor,"[[1, 192, 30, 40]]","[[1, 128, 30, 40]]",7,2.1126,2.2279,0.3077
model.6.m.0,e371addf8e0cb08a,C3k,"{""class"": ""C3k""}",False,45568,,tensor,"[[1, 64, 30, 40]]","[[1, 64, 30, 40]]",7,5.9643,5.8459,0.2307
model.6.m.0.cv1,badac5f330c0bb8c,Conv,"{""class"": ""Conv""}",False,2112,,tensor,"[[1, 64, 30, 40]]","[[1, 32, 30, 40]]",7,0.8874,0.7706,0.2464
model.6.m.0.cv1.conv,4dcd5e71e363bf00,Conv2d,"{""class"": ""Conv2d"", ""dilation"": [1, 1], ""groups"": 1, ""in_channels"": 64, ""kernel_size"": [1, 1], ""out_channels"": 32, ""padding"": [0, 0], ""stride"": [1, 1]}",True,2048,2457600,tensor,"[[1, 64, 30, 40]]","[[1, 32, 30, 40]]",7,0.728,0.6208,0.2383
model.6.m.0.cv2,badac5f330c0bb8c,Conv,"{""class"": ""Conv""}",False,2112,,tensor,"[[1, 64, 30, 40]]","[[1, 32, 30, 40]]",7,0.6194,0.6266,0.0178
model.6.m.0.cv2.conv,4dcd5e71e363bf00,Conv2d,"{""class"": ""Conv2d"", ""dilation"": [1, 1], ""groups"": 1, ""in_channels"": 64, ""kernel_size"": [1, 1], ""out_channels"": 32, ""padding"": [0, 0], ""stride"": [1, 1]}",True,2048,2457600,tensor,"[[1, 64, 30, 40]]","[[1, 32, 30, 40]]",7,0.487,0.4898,0.0177
model.6.m.0.cv3,badac5f330c0bb8c,Conv,"{""class"": ""Conv""}",False,4224,,tensor,"[[1, 64, 30, 40]]","[[1, 64, 30, 40]]",7,0.8278,0.7165,0.2345
model.6.m.0.cv3.conv,8509c678becabfbf,Conv2d,"{""class"": ""Conv2d"", ""dilation"": [1, 1], ""groups"": 1, ""in_channels"": 64, ""kernel_size"": [1, 1], ""out_channels"": 64, ""padding"": [0, 0], ""stride"": [1, 1]}",True,4096,4915200,tensor,"[[1, 64, 30, 40]]","[[1, 64, 30, 40]]",7,0.5799,0.551,0.0629
model.6.m.0.m,2b0e95bfcbd5c89c,Sequential,"{""class"": ""Sequential""}",False,37120,,tensor,"[[1, 32, 30, 40]]","[[1, 32, 30, 40]]",7,3.4924,3.6192,0.295
model.6.m.0.m.0,ae4ed55649189a64,Bottleneck,"{""class"": ""Bottleneck""}",False,18560,,tensor,"[[1, 32, 30, 40]]","[[1, 32, 30, 40]]",7,2.0692,2.1685,0.2547
model.6.m.0.m.0.cv1,badac5f330c0bb8c,Conv,"{""class"": ""Conv""}",False,9280,,tensor,"[[1, 32, 30, 40]]","[[1, 32, 30, 40]]",7,0.9566,0.7786,0.3011
model.6.m.0.m.0.cv1.conv,bca6aebd671901f9,Conv2d,"{""class"": ""Conv2d"", ""dilation"": [1, 1], ""groups"": 1, ""in_channels"": 32, ""kernel_size"": [3, 3], ""out_channels"": 32, ""padding"": [1, 1], ""stride"": [1, 1]}",True,9216,11059200,tensor,"[[1, 32, 30, 40]]","[[1, 32, 30, 40]]",7,0.732,0.6457,0.2328
model.6.m.0.m.0.cv2,badac5f330c0bb8c,Conv,"{""class"": ""Conv""}",False,9280,,tensor,"[[1, 32, 30, 40]]","[[1, 32, 30, 40]]",7,1.0308,1.1625,0.2895
model.6.m.0.m.0.cv2.conv,bca6aebd671901f9,Conv2d,"{""class"": ""Conv2d"", ""dilation"": [1, 1], ""groups"": 1, ""in_channels"": 32, ""kernel_size"": [3, 3], ""out_channels"": 32, ""padding"": [1, 1], ""stride"": [1, 1]}",True,9216,11059200,tensor,"[[1, 32, 30, 40]]","[[1, 32, 30, 40]]",7,0.8791,0.9782,0.2769
model.6.m.0.m.1,ae4ed55649189a64,Bottleneck,"{""class"": ""Bottleneck""}",False,18560,,tensor,"[[1, 32, 30, 40]]","[[1, 32, 30, 40]]",7,1.3819,1.412,0.062
model.6.m.0.m.1.cv1,badac5f330c0bb8c,Conv,"{""class"": ""Conv""}",False,9280,,tensor,"[[1, 32, 30, 40]]","[[1, 32, 30, 40]]",7,0.6811,0.6899,0.0374
model.6.m.0.m.1.cv1.conv,bca6aebd671901f9,Conv2d,"{""class"": ""Conv2d"", ""dilation"": [1, 1], ""groups"": 1, ""in_channels"": 32, ""kernel_size"": [3, 3], ""out_channels"": 32, ""padding"": [1, 1], ""stride"": [1, 1]}",True,9216,11059200,tensor,"[[1, 32, 30, 40]]","[[1, 32, 30, 40]]",7,0.5529,0.5623,0.0366
model.6.m.0.m.1.cv2,badac5f330c0bb8c,Conv,"{""class"": ""Conv""}",False,9280,,tensor,"[[1, 32, 30, 40]]","[[1, 32, 30, 40]]",7,0.6348,0.6405,0.0274
model.6.m.0.m.1.cv2.conv,bca6aebd671901f9,Conv2d,"{""class"": ""Conv2d"", ""dilation"": [1, 1], ""groups"": 1, ""in_channels"": 32, ""kernel_size"": [3, 3], ""out_channels"": 32, ""padding"": [1, 1], ""stride"": [1, 1]}",True,9216,11059200,tensor,"[[1, 32, 30, 40]]","[[1, 32, 30, 40]]",7,0.5037,0.5151,0.0215
model.7,badac5f330c0bb8c,Conv,"{""class"": ""Conv""}",False,295424,,tensor,"[[1, 128, 30, 40]]","[[1, 256, 15, 20]]",7,3.1925,3.0935,0.2396
model.7.conv,9ae5ec4ddbebd1a6,Conv2d,"{""class"": ""Conv2d"", ""dilation"": [1, 1], ""groups"": 1, ""in_channels"": 128, ""kernel_size"": [3, 3], ""out_channels"": 256, ""padding"": [1, 1], ""stride"": [2, 2]}",True,294912,88473600,tensor,"[[1, 128, 30, 40]]","[[1, 256, 15, 20]]",7,2.989,2.9051,0.2399
model.8,1feff90f3b9ccccf,C3k2,"{""class"": ""C3k2""}",False,346112,,tensor,"[[1, 256, 15, 20]]","[[1, 256, 15, 20]]",7,9.1859,9.1863,0.3758
model.8.cv1,badac5f330c0bb8c,Conv,"{""class"": ""Conv""}",False,66048,,tensor,"[[1, 256, 15, 20]]","[[1, 256, 15, 20]]",7,1.4089,1.2147,0.296
model.8.cv1.conv,850cd8751e07b4ce,Conv2d,"{""class"": ""Conv2d"", ""dilation"": [1, 1], ""groups"": 1, ""in_channels"": 256, ""kernel_size"": [1, 1], ""out_channels"": 256, ""padding"": [0, 0], ""stride"": [1, 1]}",True,65536,19660800,tensor,"[[1, 256, 15, 20]]","[[1, 256, 15, 20]]",7,1.1476,1.0421,0.2429
model.8.cv2,badac5f330c0bb8c,Conv,"{""class"": ""Conv""}",False,98816,,tensor,"[[1, 384, 15, 20]]","[[1, 256, 15, 20]]",7,1.5601,1.509,0.2018
model.8.cv2.conv,a5afdd11be223ff4,Conv2d,"{""class"": ""Conv2d"", ""dilation"": [1, 1], ""groups"": 1, ""in_channels"": 384, ""kernel_size"": [1, 1], ""out_channels"": 256, ""padding"": [0, 0], ""stride"": [1, 1]}",True,98304,29491200,tensor,"[[1, 384, 15, 20]]","[[1, 256, 15, 20]]",7,1.362,1.2823,0.2055
model.8.m.0,e371addf8e0cb08a,C3k,"{""class"": ""C3k""}",False,181248,,tensor,"[[1, 128, 15, 20]]","[[1, 128, 15, 20]]",7,5.9106,5.9439,0.2571
model.8.m.0.cv1,badac5f330c0bb8c,Conv,"{""class"": ""Conv""}",False,8320,,tensor,"[[1, 128, 15, 20]]","[[1, 64, 15, 20]]",7,0.6325,0.6364,0.0469
model.8.m.0.cv1.conv,00b2e6a5f34b1125,Conv2d,"{""class"": ""Conv2d"", ""dilation"": [1, 1], ""groups"": 1, ""in_channels"": 128, ""kernel_size"": [1, 1], ""out_channels"": 64, ""padding"": [0, 0], ""stride"": [1, 1]}",True,8192,2457600,tensor,"[[1, 128, 15, 20]]","[[1, 64, 15, 20]]",7,0.4913,0.5068,0.046
model.8.m.0.cv2,badac5f330c0bb8c,Conv,"{""class"": ""Conv""}",False,8320,,tensor,"[[1, 128, 15, 20]]","[[1, 64, 15, 20]]",7,0.9693,0.8311,0.2621
model.8.m.0.cv2.conv,00b2e6a5f34b1125,Conv2d,"{""class"": ""Conv2d"", ""dilation"": [1, 1], ""groups"": 1, ""in_channels"": 128, ""kernel_size"": [1, 1], ""out_channels"": 64, ""padding"": [0, 0], ""stride"": [1, 1]}",True,8192,2457600,tensor,"[[1, 128, 15, 20]]","[[1, 64, 15, 20]]",7,0.8321,0.6855,0.2608
model.8.m.0.cv3,badac5f330c0bb8c,Conv,"{""class"": ""Conv""}",False,16640,,tensor,"[[1, 128, 15, 20]]","[[1, 128, 15, 20]]",7,0.7054,0.7133,0.0402
model.8.m.0.cv3.conv,347e13f415663a02,Conv2d,"{""class"": ""Conv2d"", ""dilation"": [1, 1], ""groups"": 1, ""in_channels"": 128, ""kernel_size"": [1, 1], ""out_channels"": 128, ""padding"": [0, 0], ""stride"": [1, 1]}",True,16384,4915200,tensor,"[[1, 128, 15, 20]]","[[1, 128, 15, 20]]",7,0.5645,0.569,0.0379
model.8.m.0.m,2b0e95bfcbd5c89c,Sequential,"{""class"": ""Sequential""}",False,147968,,tensor,"[[1, 64, 15, 20]]","[[1, 64, 15, 20]]",7,3.4725,3.6702,0.3543
model.8.m.0.m.0,ae4ed55649189a64,Bottleneck,"{""class"": ""Bottleneck""}",False,73984,,tensor,"[[1, 64, 15, 20]]","[[1, 64, 15, 20]]",7,1.8006,1.7281,0.2673
model.8.m.0.m.0.cv1,badac5f330c0bb8c,Conv,"{""class"": ""Conv""}",False,36992,,tensor,"[[1, 64, 15, 20]]","[[1, 64, 15, 20]]",7,0.9111,0.92,0.0303
model.8.m.0.m.0.cv1.conv,7123a330f783f287,Conv2d,"{""class"": ""Conv2d"", ""dilation"": [1, 1], ""groups"": 1, ""in_channels"": 64, ""kernel_size"": [3, 3], ""out_channels"": 64, ""padding"": [1, 1], ""stride"": [1, 1]}",True,36864,11059200,tensor,"[[1, 64, 15, 20]]","[[1, 64, 15, 20]]",7,0.771,0.7769,0.0271
model.8.m.0.m.0.cv2,badac5f330c0bb8c,Conv,"{""class"": ""Conv""}",False,36992,,tensor,"[[1, 64, 15, 20]]","[[1, 64, 15, 20]]",7,0.7751,0.6983,0.242
model.8.m.0.m.0.cv2.conv,7123a330f783f287,Conv2d,"{""class"": ""Conv2d"", ""dilation"": [1, 1], ""groups"": 1, ""in_channels"": 64, ""kernel_size"": [3, 3], ""out_channels"": 64, ""padding"": [1, 1], ""stride"": [1, 1]}",True,36864,11059200,tensor,"[[1, 64, 15, 20]]","[[1, 64, 15, 20]]",7,0.6208,0.5257,0.239
model.8.m.0.m.1,ae4ed55649189a64,Bottleneck,"{""class"": ""Bottleneck""}",False,73984,,tensor,"[[1, 64, 15, 20]]","[[1, 64, 15, 20]]",7,1.6351,1.5982,0.2569
model.8.m.0.m.1.cv1,badac5f330c0bb8c,Conv,"{""class"": ""Conv""}",False,36992,,tensor,"[[1, 64, 15, 20]]","[[1, 64, 15, 20]]",7,0.8438,0.7781,0.2604
model.8.m.0.m.1.cv1.conv,7123a330f783f287,Conv2d,"{""class"": ""Conv2d"", ""dilation"": [1, 1], ""groups"": 1, ""in_channels"": 64, ""kernel_size"": [3, 3], ""out_channels"": 64, ""padding"": [1, 1], ""stride"": [1, 1]}",True,36864,11059200,tensor,"[[1, 64, 15, 20]]","[[1, 64, 15, 20]]",7,0.7118,0.6485,0.2488
model.8.m.0.m.1.cv2,badac5f330c0bb8c,Conv,"{""class"": ""Conv""}",False,36992,,tensor,"[[1, 64, 15, 20]]","[[1, 64, 15, 20]]",7,0.6805,0.6754,0.0436
model.8.m.0.m.1.cv2.conv,7123a330f783f287,Conv2d,"{""class"": ""Conv2d"", ""dilation"": [1, 1], ""groups"": 1, ""in_channels"": 64, ""kernel_size"": [3, 3], ""out_channels"": 64, ""padding"": [1, 1], ""stride"": [1, 1]}",True,36864,11059200,tensor,"[[1, 64, 15, 20]]","[[1, 64, 15, 20]]",7,0.5274,0.5047,0.0511
model.9,842196f9d110199d,SPPF,"{""class"": ""SPPF""}",False,164608,,tensor,"[[1, 256, 15, 20]]","[[1, 256, 15, 20]]",7,6.6935,6.6512,0.4414
model.9.cv1,badac5f330c0bb8c,Conv,"{""class"": ""Conv""}",False,33024,,tensor,"[[1, 256, 15, 20]]","[[1, 128, 15, 20]]",7,1.1547,0.9965,0.2779
model.9.cv1.conv,1712e7d5e9da8bf3,Conv2d,"{""class"": ""Conv2d"", ""dilation"": [1, 1], ""groups"": 1, ""in_channels"": 256, ""kernel_size"": [1, 1], ""out_channels"": 128, ""padding"": [0, 0], ""stride"": [1, 1]}",True,32768,9830400,tensor,"[[1, 256, 15, 20]]","[[1, 128, 15, 20]]",7,0.9166,0.8385,0.2063
model.9.cv2,badac5f330c0bb8c,Conv,"{""class"": ""Conv""}",False,131584,,tensor,"[[1, 512, 15, 20]]","[[1, 256, 15, 20]]",7,2.247,2.0347,0.3226
model.9.cv2.conv,c9903d10288673c8,Conv2d,"{""class"": ""Conv2d"", ""dilation"": [1, 1], ""groups"": 1, ""in_channels"": 512, ""kernel_size"": [1, 1], ""out_channels"": 256, ""padding"": [0, 0], ""stride"": [1, 1]}",True,131072,39321600,tensor,"[[1, 512, 15, 20]]","[[1, 256, 15, 20]]",7,1.9525,1.7846,0.3004
model.9.m,c835d8233841ec8c,MaxPool2d,"{""class"": ""MaxPool2d"", ""dilation"": 1, ""kernel_size"": 5, ""padding"": 2, ""stride"": 1}",True,0,,tensor,"[[1, 128, 15, 20]]","[[1, 128, 15, 20]]",7,0.7994,0.7363,0.1619
model.10,98b0d46b695d1d4c,C2PSA,"{""class"": ""C2PSA""}",False,249728,,tensor,"[[1, 256, 15, 20]]","[[1, 256, 15, 20]]",7,10.2839,10.2447,0.4342
model.10.cv1,badac5f330c0bb8c,Conv,"{""class"": ""Conv""}",False,66048,,tensor,"[[1, 256, 15, 20]]","[[1, 256, 15, 20]]",7,1.2321,1.2489,0.0266
model.10.cv1.conv,850cd8751e07b4ce,Conv2d,"{""class"": ""Conv2d"", ""dilation"": [1, 1], ""groups"": 1, ""in_channels"": 256, ""kernel_size"": [1, 1], ""out_channels"": 256, ""padding"": [0, 0], ""stride"": [1, 1]}",True,65536,19660800,tensor,"[[1, 256, 15, 20]]","[[1, 256, 15, 20]]",7,1.0515,1.059,0.0217
model.10.cv2,badac5f330c0bb8c,Conv,"{""class"": ""Conv""}",False,66048,,tensor,"[[1, 256, 15, 20]]","[[1, 256, 15, 20]]",7,1.6271,1.231,0.5998
model.10.cv2.conv,850cd8751e07b4ce,Conv2d,"{""class"": ""Conv2d"", ""dilation"": [1, 1], ""groups"": 1, ""in_channels"": 256, ""kernel_size"": [1, 1], ""out_channels"": 256, ""padding"": [0, 0], ""stride"": [1, 1]}",True,65536,19660800,tensor,"[[1, 256, 15, 20]]","[[1, 256, 15, 20]]",7,1.3036,1.0613,0.3872
model.10.m,2b0e95bfcbd5c89c,Sequential,"{""class"": ""Sequential""}",False,117632,,tensor,"[[1, 128, 15, 20]]","[[1, 128, 15, 20]]",7,7.0028,6.9475,0.7785
model.10.m.0,bef7bcad3cc2e8ea,PSABlock,"{""class"": ""PSABlock""}",False,117632,,tensor,"[[1, 128, 15, 20]]","[[1, 128, 15, 20]]",7,6.9795,6.9259,0.7777
model.10.m.0.attn,1329798c563eece5,Attention,"{""class"": ""Attention""}",False,51328,,tensor,"[[1, 128, 15, 20]]","[[1, 128, 15, 20]]",7,4.7151,4.7226,0.622
model.10.m.0.attn.qkv,badac5f330c0bb8c,Conv,"{""class"": ""Conv""}",False,33280,,tensor,"[[1, 128, 15, 20]]","[[1, 256, 15, 20]]",7,1.1621,0.7933,0.6874
model.10.m.0.attn.qkv.conv,5eff6a3a74c95823,Conv2d,"{""class"": ""Conv2d"", ""dilation"": [1, 1], ""groups"": 1, ""in_channels"": 128, ""kernel_size"": [1, 1], ""out_channels"": 256, ""padding"": [0, 0], ""stride"": [1, 1]}",True,32768,9830400,tensor,"[[1, 128, 15, 20]]","[[1, 256, 15, 20]]",7,1.1136,0.747,0.6837
model.10.m.0.attn.qkv.act,6349974901edc3ae,Identity,"{""class"": ""Identity""}",True,0,,tensor,"[[1, 256, 15, 20]]","[[1, 256, 15, 20]]",7,0.0044,0.0044,0.0002
model.10.m.0.attn.proj,badac5f330c0bb8c,Conv,"{""class"": ""Conv""}",False,16640,,tensor,"[[1, 128, 15, 20]]","[[1, 128, 15, 20]]",7,0.625,0.6017,0.0892
model.10.m.0.attn.proj.conv,347e13f415663a02,Conv2d,"{""class"": ""Conv2d"", ""dilation"": [1, 1], ""groups"": 1, ""in_channels"": 128, ""kernel_size"": [1, 1], ""out_channels"": 128, ""padding"": [0, 0], ""stride"": [1, 1]}",True,16384,4915200,tensor,"[[1, 128, 15, 20]]","[[1, 128, 15, 20]]",7,0.5789,0.5538,0.0878
model.10.m.0.attn.proj.act,6349974901edc3ae,Identity,"{""class"": ""Identity""}",True,0,,tensor,"[[1, 128, 15, 20]]","[[1, 128, 15, 20]]",7,0.0045,0.0046,0.0005
model.10.m.0.attn.pe,badac5f330c0bb8c,Conv,"{""class"": ""Conv""}",False,1408,,tensor,"[[1, 128, 15, 20]]","[[1, 128, 15, 20]]",7,0.8088,0.6351,0.3511
model.10.m.0.attn.pe.conv,d8b623f69d3ca6d9,Conv2d,"{""class"": ""Conv2d"", ""dilation"": [1, 1], ""groups"": 128, ""in_channels"": 128, ""kernel_size"": [3, 3], ""out_channels"": 128, ""padding"": [1, 1], ""stride"": [1, 1]}",True,1152,345600,tensor,"[[1, 128, 15, 20]]","[[1, 128, 15, 20]]",7,0.745,0.5759,0.3427
model.10.m.0.attn.pe.act,6349974901edc3ae,Identity,"{""class"": ""Identity""}",True,0,,tensor,"[[1, 128, 15, 20]]","[[1, 128, 15, 20]]",7,0.0056,0.0048,0.0014
model.10.m.0.ffn,2b0e95bfcbd5c89c,Sequential,"{""class"": ""Sequential""}",False,66304,,tensor,"[[1, 128, 15, 20]]","[[1, 128, 15, 20]]",7,2.0133,1.8635,0.4946
model.10.m.0.ffn.0,badac5f330c0bb8c,Conv,"{""class"": ""Conv""}",False,33280,,tensor,"[[1, 128, 15, 20]]","[[1, 256, 15, 20]]",7,1.1657,0.9938,0.3872
model.10.m.0.ffn.0.conv,5eff6a3a74c95823,Conv2d,"{""class"": ""Conv2d"", ""dilation"": [1, 1], ""groups"": 1, ""in_channels"": 128, ""kernel_size"": [1, 1], ""out_channels"": 256, ""padding"": [0, 0], ""stride"": [1, 1]}",True,32768,9830400,tensor,"[[1, 128, 15, 20]]","[[1, 256, 15, 20]]",7,0.9119,0.7483,0.3158
model.10.m.0.ffn.1,badac5f330c0bb8c,Conv,"{""class"": ""Conv""}",False,33024,,tensor,"[[1, 256, 15, 20]]","[[1, 128, 15, 20]]",7,0.8108,0.833,0.119
model.10.m.0.ffn.1.conv,1712e7d5e9da8bf3,Conv2d,"{""class"": ""Conv2d"", ""dilation"": [1, 1], ""groups"": 1, ""in_channels"": 256, ""kernel_size"": [1, 1], ""out_channels"": 128, ""padding"": [0, 0], ""stride"": [1, 1]}",True,32768,9830400,tensor,"[[1, 256, 15, 20]]","[[1, 128, 15, 20]]",7,0.7615,0.7804,0.116
model.10.m.0.ffn.1.act,6349974901edc3ae,Identity,"{""class"": ""Identity""}",True,0,,tensor,"[[1, 128, 15, 20]]","[[1, 128, 15, 20]]",7,0.0044,0.0046,0.0004
model.11,558011dc253c52df,Upsample,"{""class"": ""Upsample""}",True,0,,tensor,"[[1, 256, 15, 20]]","[[1, 256, 30, 40]]",7,1.5715,1.4622,0.2269
model.12,737abb0106288822,Concat,"{""class"": ""Concat""}",True,0,,list,"[[1, 256, 30, 40], [1, 128, 30, 40]]","[[1, 384, 30, 40]]",7,0.5866,0.5452,0.29
model.13,1feff90f3b9ccccf,C3k2,"{""class"": ""C3k2""}",False,111296,,tensor,"[[1, 384, 30, 40]]","[[1, 128, 30, 40]]",7,8.9458,8.8966,0.4161
model.13.cv1,badac5f330c0bb8c,Conv,"{""class"": ""Conv""}",False,49408,,tensor,"[[1, 384, 30, 40]]","[[1, 128, 30, 40]]",7,3.5067,3.6595,0.3568
model.13.cv1.conv,593fe36f63e08017,Conv2d,"{""class"": ""Conv2d"", ""dilation"": [1, 1], ""groups"": 1, ""in_channels"": 384, ""kernel_size"": [1, 1], ""out_channels"": 128, ""padding"": [0, 0], ""stride"": [1, 1]}",True,49152,58982400,tensor,"[[1, 384, 30, 40]]","[[1, 128, 30, 40]]",7,3.1016,2.8915,0.3694
model.13.cv2,badac5f330c0bb8c,Conv,"{""class"": ""Conv""}",False,24832,,tensor,"[[1, 192, 30, 40]]","[[1, 128, 30, 40]]",7,2.3304,2.0302,0.4984
model.13.cv2.conv,f89ca271fc1e6775,Conv2d,"{""class"": ""Conv2d"", ""dilation"": [1, 1], ""groups"": 1, ""in_channels"": 192, ""kernel_size"": [1, 1], ""out_channels"": 128, ""padding"": [0, 0], ""stride"": [1, 1]}",True,24576,29491200,tensor,"[[1, 192, 30, 40]]","[[1, 128, 30, 40]]",7,1.9202,1.7055,0.4392
model.13.m.0,ae4ed55649189a64,Bottleneck,"{""class"": ""Bottleneck""}",False,37056,,tensor,"[[1, 64, 30, 40]]","[[1, 64, 30, 40]]",7,2.6717,2.6838,0.2742
model.13.m.0.cv1,badac5f330c0bb8c,Conv,"{""class"": ""Conv""}",False,18496,,tensor,"[[1, 64, 30, 40]]","[[1, 32, 30, 40]]",7,1.2606,1.0853,0.2437
model.13.m.0.cv1.conv,9e4de22a76a0b361,Conv2d,"{""class"": ""Conv2d"", ""dilation"": [1, 1], ""groups"": 1, ""in_channels"": 64, ""kernel_size"": [3, 3], ""out_channels"": 32, ""padding"": [1, 1], ""stride"": [1, 1]}",True,18432,22118400,tensor,"[[1, 64, 30, 40]]","[[1, 32, 30, 40]]",7,1.1121,0.9413,0.2372
model.13.m.0.cv2,badac5f330c0bb8c,Conv,"{""class"": ""Conv""}",False,18560,,tensor,"[[1, 32, 30, 40]]","[[1, 64, 30, 40]]",7,1.1826,1.1053,0.2715
model.13.m.0.cv2.conv,6a1d500e1827091d,Conv2d,"{""class"": ""Conv2d"", ""dilation"": [1, 1], ""groups"": 1, ""in_channels"": 32, ""kernel_size"": [3, 3], ""out_channels"": 64, ""padding"": [1, 1], ""stride"": [1, 1]}",True,18432,22118400,tensor,"[[1, 32, 30, 40]]","[[1, 64, 30, 40]]",7,0.9863,0.9174,0.2582
model.14,558011dc253c52df,Upsample,"{""class"": ""Upsample""}",True,0,,tensor,"[[1, 128, 30, 40]]","[[1, 128, 60, 80]]",7,0.4509,0.4723,0.0443
model.15,737abb0106288822,Concat,"{""class"": ""Concat""}",True,0,,list,"[[1, 128, 60, 80], [1, 128, 60, 80]]","[[1, 256, 60, 80]]",7,1.4289,1.3632,0.1943
model.16,1feff90f3b9ccccf,C3k2,"{""class"": ""C3k2""}",False,32096,,tensor,"[[1, 256, 60, 80]]","[[1, 64, 60, 80]]",7,14.2053,14.2611,0.4186
model.16.cv1,badac5f330c0bb8c,Conv,"{""class"": ""Conv""}",False,16512,,tensor,"[[1, 256, 60, 80]]","[[1, 64, 60, 80]]",7,6.0534,6.0341,0.1879
model.16.cv1.conv,15a5a87053111448,Conv2d,"{""class"": ""Conv2d"", ""dilation"": [1, 1], ""groups"": 1, ""in_channels"": 256, ""kernel_size"": [1, 1], ""out_channels"": 64, ""padding"": [0, 0], ""stride"": [1, 1]}",True,16384,78643200,tensor,"[[1, 256, 60, 80]]","[[1, 64, 60, 80]]",7,5.4772,5.397,0.1823
model.16.cv2,badac5f330c0bb8c,Conv,"{""class"": ""Conv""}",False,6272,,tensor,"[[1, 96, 60, 80]]","[[1, 64, 60, 80]]",7,3.9336,3.9358,0.2292
model.16.cv2.conv,4bbc089f08e24d13,Conv2d,"{""class"": ""Conv2d"", ""dilation"": [1, 1], ""groups"": 1, ""in_channels"": 96, ""kernel_size"": [1, 1], ""out_channels"": 64, ""padding"": [0, 0], ""stride"": [1, 1]}",True,6144,29491200,tensor,"[[1, 96, 60, 80]]","[[1, 64, 60, 80]]",7,3.2964,3.3579,0.2588
model.16.m.0,ae4ed55649189a64,Bottleneck,"{""class"": ""Bottleneck""}",False,9312,,tensor,"[[1, 32, 60, 80]]","[[1, 32, 60, 80]]",7,3.6391,3.692,0.2696
model.16.m.0.cv1,badac5f330c0bb8c,Conv,"{""class"": ""Conv""}",False,4640,,tensor,"[[1, 32, 60, 80]]","[[1, 16, 60, 80]]",7,1.5447,1.4301,0.2589
model.16.m.0.cv1.conv,04290e6ccde316eb,Conv2d,"{""class"": ""Conv2d"", ""dilation"": [1, 1], ""groups"": 1, ""in_channels"": 32, ""kernel_size"": [3, 3], ""out_channels"": 16, ""padding"": [1, 1], ""stride"": [1, 1]}",True,4608,22118400,tensor,"[[1, 32, 60, 80]]","[[1, 16, 60, 80]]",7,1.3552,1.2532,0.2527
model.16.m.0.cv2,badac5f330c0bb8c,Conv,"{""class"": ""Conv""}",False,4672,,tensor,"[[1, 16, 60, 80]]","[[1, 32, 60, 80]]",7,1.829,1.6582,0.2805
model.16.m.0.cv2.conv,58db6d670a6061c2,Conv2d,"{""class"": ""Conv2d"", ""dilation"": [1, 1], ""groups"": 1, ""in_channels"": 16, ""kernel_size"": [3, 3], ""out_channels"": 32, ""padding"": [1, 1], ""stride"": [1, 1]}",True,4608,22118400,tensor,"[[1, 16, 60, 80]]","[[1, 32, 60, 80]]",7,1.3658,1.3363,0.1816
model.17,badac5f330c0bb8c,Conv,"{""class"": ""Conv""}",False,36992,,tensor,"[[1, 64, 60, 80]]","[[1, 64, 30, 40]]",7,2.0439,1.9364,0.2687
model.17.conv,d33f342ed0013fe8,Conv2d,"{""class"": ""Conv2d"", ""dilation"": [1, 1], ""groups"": 1, ""in_channels"": 64, ""kernel_size"": [3, 3], ""out_channels"": 64, ""padding"": [1, 1], ""stride"": [2, 2]}",True,36864,44236800,tensor,"[[1, 64, 60, 80]]","[[1, 64, 30, 40]]",7,1.834,1.7176,0.2643
model.18,737abb0106288822,Concat,"{""class"": ""Concat""}",True,0,,list,"[[1, 64, 30, 40], [1, 128, 30, 40]]","[[1, 192, 30, 40]]",7,0.3033,0.2154,0.2003
model.19,1feff90f3b9ccccf,C3k2,"{""class"": ""C3k2""}",False,86720,,tensor,"[[1, 192, 30, 40]]","[[1, 128, 30, 40]]",7,7.5168,7.5103,0.3531
model.19.cv1,badac5f330c0bb8c,Conv,"{""class"": ""Conv""}",False,24832,,tensor,"[[1, 192, 30, 40]]","[[1, 128, 30, 40]]",7,2.3976,2.4882,0.3271
model.19.cv1.conv,f89ca271fc1e6775,Conv2d,"{""class"": ""Conv2d"", ""dilation"": [1, 1], ""groups"": 1, ""in_channels"": 192, ""kernel_size"": [1, 1], ""out_channels"": 128, ""padding"": [0, 0], ""stride"": [1, 1]}",True,24576,29491200,tensor,"[[1, 192, 30, 40]]","[[1, 128, 30, 40]]",7,1.901,1.7464,0.3554
model.19.cv2,badac5f330c0bb8c,Conv,"{""class"": ""Conv""}",False,24832,,tensor,"[[1, 192, 30, 40]]","[[1, 128, 30, 40]]",7,2.5007,2.6042,0.3063
model.19.cv2.conv,f89ca271fc1e6775,Conv2d,"{""class"": ""Conv2d"", ""dilation"": [1, 1], ""groups"": 1, ""in_channels"": 192, ""kernel_size"": [1, 1], ""out_channels"": 128, ""padding"": [0, 0], ""stride"": [1, 1]}",True,24576,29491200,tensor,"[[1, 192, 30, 40]]","[[1, 128, 30, 40]]",7,2.1599,2.3,0.3287
model.19.m.0,ae4ed55649189a64,Bottleneck,"{""class"": ""Bottleneck""}",False,37056,,tensor,"[[1, 64, 30, 40]]","[[1, 64, 30, 40]]",7,2.2904,2.1742,0.2449
model.19.m.0.cv1,badac5f330c0bb8c,Conv,"{""class"": ""Conv""}",False,18496,,tensor,"[[1, 64, 30, 40]]","[[1, 32, 30, 40]]",7,1.1201,1.1143,0.054
model.19.m.0.cv1.conv,9e4de22a76a0b361,Conv2d,"{""class"": ""Conv2d"", ""dilation"": [1, 1], ""groups"": 1, ""in_channels"": 64, ""kernel_size"": [3, 3], ""out_channels"": 32, ""padding"": [1, 1], ""stride"": [1, 1]}",True,18432,22118400,tensor,"[[1, 64, 30, 40]]","[[1, 32, 30, 40]]",7,0.9728,0.9735,0.0451
model.19.m.0.cv2,badac5f330c0bb8c,Conv,"{""class"": ""Conv""}",False,18560,,tensor,"[[1, 32, 30, 40]]","[[1, 64, 30, 40]]",7,1.0599,0.9856,0.1922
model.19.m.0.cv2.conv,6a1d500e1827091d,Conv2d,"{""class"": ""Conv2d"", ""dilation"": [1, 1], ""groups"": 1, ""in_channels"": 32, ""kernel_size"": [3, 3], ""out_channels"": 64, ""padding"": [1, 1], ""stride"": [1, 1]}",True,18432,22118400,tensor,"[[1, 32, 30, 40]]","[[1, 64, 30, 40]]",7,0.8882,0.821,0.1846
model.20,badac5f330c0bb8c,Conv,"{""class"": ""Conv""}",False,147712,,tensor,"[[1, 128, 30, 40]]","[[1, 128, 15, 20]]",7,2.0804,1.9116,0.309
model.20.conv,4b4c3f50477a05c2,Conv2d,"{""class"": ""Conv2d"", ""dilation"": [1, 1], ""groups"": 1, ""in_channels"": 128, ""kernel_size"": [3, 3], ""out_channels"": 128, ""padding"": [1, 1], ""stride"": [2, 2]}",True,147456,44236800,tensor,"[[1, 128, 30, 40]]","[[1, 128, 15, 20]]",7,1.9054,1.7544,0.3118
model.21,737abb0106288822,Concat,"{""class"": ""Concat""}",True,0,,list,"[[1, 128, 15, 20], [1, 256, 15, 20]]","[[1, 384, 15, 20]]",7,0.1266,0.1424,0.025
model.22,1feff90f3b9ccccf,C3k2,"{""class"": ""C3k2""}",False,378880,,tensor,"[[1, 384, 15, 20]]","[[1, 256, 15, 20]]",7,9.5391,9.5538,0.2801
model.22.cv1,badac5f330c0bb8c,Conv,"{""class"": ""Conv""}",False,98816,,tensor,"[[1, 384, 15, 20]]","[[1, 256, 15, 20]]",7,1.5354,1.5435,0.0855
model.22.cv1.conv,a5afdd11be223ff4,Conv2d,"{""class"": ""Conv2d"", ""dilation"": [1, 1], ""groups"": 1, ""in_channels"": 384, ""kernel_size"": [1, 1], ""out_channels"": 256, ""padding"": [0, 0], ""stride"": [1, 1]}",True,98304,29491200,tensor,"[[1, 384, 15, 20]]","[[1, 256, 15, 20]]",7,1.3176,1.3215,0.0717
model.22.cv2,badac5f330c0bb8c,Conv,"{""class"": ""Conv""}",False,98816,,tensor,"[[1, 384, 15, 20]]","[[1, 256, 15, 20]]",7,1.6271,1.4211,0.2784
model.22.cv2.conv,a5afdd11be223ff4,Conv2d,"{""class"": ""Conv2d"", ""dilation"": [1, 1], ""groups"": 1, ""in_channels"": 384, ""kernel_size"": [1, 1], ""out_channels"": 256, ""padding"": [0, 0], ""stride"": [1, 1]}",True,98304,29491200,tensor,"[[1, 384, 15, 20]]","[[1, 256, 15, 20]]",7,1.3703,1.2466,0.1839
model.22.m.0,e371addf8e0cb08a,C3k,"{""class"": ""C3k""}",False,181248,,tensor,"[[1, 128, 15, 20]]","[[1, 128, 15, 20]]",7,6.0114,5.8542,0.3812
model.22.m.0.cv1,badac5f330c0bb8c,Conv,"{""class"": ""Conv""}",False,8320,,tensor,"[[1, 128, 15, 20]]","[[1, 64, 15, 20]]",7,0.9351,0.8658,0.2649
model.22.m.0.cv1.conv,00b2e6a5f34b1125,Conv2d,"{""class"": ""Conv2d"", ""dilation"": [1, 1], ""groups"": 1, ""in_channels"": 128, ""kernel_size"": [1, 1], ""out_channels"": 64, ""padding"": [0, 0], ""stride"": [1, 1]}",True,8192,2457600,tensor,"[[1, 128, 15, 20]]","[[1, 64, 15, 20]]",7,0.7853,0.674,0.2681
model.22.m.0.cv2,badac5f330c0bb8c,Conv,"{""class"": ""Conv""}",False,8320,,tensor,"[[1, 128, 15, 20]]","[[1, 64, 15, 20]]",7,1.026,0.901,0.3166
model.22.m.0.cv2.conv,00b2e6a5f34b1125,Conv2d,"{""class"": ""Conv2d"", ""dilation"": [1, 1], ""groups"": 1, ""in_channels"": 128, ""kernel_size"": [1, 1], ""out_channels"": 64, ""padding"": [0, 0], ""stride"": [1, 1]}",True,8192,2457600,tensor,"[[1, 128, 15, 20]]","[[1, 64, 15, 20]]",7,0.881,0.7293,0.3181
model.22.m.0.cv3,badac5f330c0bb8c,Conv,"{""class"": ""Conv""}",False,16640,,tensor,"[[1, 128, 15, 20]]","[[1, 128, 15, 20]]",7,0.7445,0.7252,0.0511
model.22.m.0.cv3.conv,347e13f415663a02,Conv2d,"{""class"": ""Conv2d"", ""dilation"": [1, 1], ""groups"": 1, ""in_channels"": 128, ""kernel_size"": [1, 1], ""out_channels"": 128, ""padding"": [0, 0], ""stride"": [1, 1]}",True,16384,4915200,tensor,"[[1, 128, 15, 20]]","[[1, 128, 15, 20]]",7,0.6014,0.5783,0.0462
model.22.m.0.m,2b0e95bfcbd5c89c,Sequential,"{""class"": ""Sequential""}",False,147968,,tensor,"[[1, 64, 15, 20]]","[[1, 64, 15, 20]]",7,3.1285,3.118,0.2711
model.22.m.0.m.0,ae4ed55649189a64,Bottleneck,"{""class"": ""Bottleneck""}",False,73984,,tensor,"[[1, 64, 15, 20]]","[[1, 64, 15, 20]]",7,1.761,1.661,0.1866
model.22.m.0.m.0.cv1,badac5f330c0bb8c,Conv,"{""class"": ""Conv""}",False,36992,,tensor,"[[1, 64, 15, 20]]","[[1, 64, 15, 20]]",7,0.9761,0.9,0.11
model.22.m.0.m.0.cv1.conv,7123a330f783f287,Conv2d,"{""class"": ""Conv2d"", ""dilation"": [1, 1], ""groups"": 1, ""in_channels"": 64, ""kernel_size"": [3, 3], ""out_channels"": 64, ""padding"": [1, 1], ""stride"": [1, 1]}",True,36864,11059200,tensor,"[[1, 64, 15, 20]]","[[1, 64, 15, 20]]",7,0.8105,0.763,0.0992
model.22.m.0.m.0.cv2,badac5f330c0bb8c,Conv,"{""class"": ""Conv""}",False,36992,,tensor,"[[1, 64, 15, 20]]","[[1, 64, 15, 20]]",7,0.7158,0.7017,0.0764
model.22.m.0.m.0.cv2.conv,7123a330f783f287,Conv2d,"{""class"": ""Conv2d"", ""dilation"": [1, 1], ""groups"": 1, ""in_channels"": 64, ""kernel_size"": [3, 3], ""out_channels"": 64, ""padding"": [1, 1], ""stride"": [1, 1]}",True,36864,11059200,tensor,"[[1, 64, 15, 20]]","[[1, 64, 15, 20]]",7,0.5777,0.5766,0.0661
model.22.m.0.m.1,ae4ed55649189a64,Bottleneck,"{""class"": ""Bottleneck""}",False,73984,,tensor,"[[1, 64, 15, 20]]","[[1, 64, 15, 20]]",7,1.3308,1.2892,0.1237
model.22.m.0.m.1.cv1,badac5f330c0bb8c,Conv,"{""class"": ""Conv""}",False,36992,,tensor,"[[1, 64, 15, 20]]","[[1, 64, 15, 20]]",7,0.6396,0.6414,0.0568
model.22.m.0.m.1.cv1.conv,7123a330f783f287,Conv2d,"{""class"": ""Conv2d"", ""dilation"": [1, 1], ""groups"": 1, ""in_channels"": 64, ""kernel_size"": [3, 3], ""out_channels"": 64, ""padding"": [1, 1], ""stride"": [1, 1]}",True,36864,11059200,tensor,"[[1, 64, 15, 20]]","[[1, 64, 15, 20]]",7,0.5121,0.5033,0.0519
model.22.m.0.m.1.cv2,badac5f330c0bb8c,Conv,"{""class"": ""Conv""}",False,36992,,tensor,"[[1, 64, 15, 20]]","[[1, 64, 15, 20]]",7,0.6274,0.5904,0.0658
model.22.m.0.m.1.cv2.conv,7123a330f783f287,Conv2d,"{""class"": ""Conv2d"", ""dilation"": [1, 1], ""groups"": 1, ""in_channels"": 64, ""kernel_size"": [3, 3], ""out_channels"": 64, ""padding"": [1, 1], ""stride"": [1, 1]}",True,36864,11059200,tensor,"[[1, 64, 15, 20]]","[[1, 64, 15, 20]]",7,0.488,0.4672,0.048
model.23,513dd5b90ed4c6df,Detect,"{""class"": ""Detect"", ""nc"": 80, ""reg_max"": 16, ""stride"": ""tensor([ 8., 16., 32.])""}",False,464912,,list,"[[1, 64, 60, 80], [1, 128, 30, 40], [1, 256, 15, 20]]","[[1, 84, 6300]]",7,57.4464,56.7984,1.5849
model.23.cv2.0,2b0e95bfcbd5c89c,Sequential,"{""class"": ""Sequential""}",False,78144,,tensor,"[[1, 64, 60, 80]]","[[1, 64, 60, 80]]",7,14.8633,14.8663,0.7971
model.23.cv2.0.0,badac5f330c0bb8c,Conv,"{""class"": ""Conv""}",False,36992,,tensor,"[[1, 64, 60, 80]]","[[1, 64, 60, 80]]",7,6.1965,6.2067,0.6466
model.23.cv2.0.0.conv,7123a330f783f287,Conv2d,"{""class"": ""Conv2d"", ""dilation"": [1, 1], ""groups"": 1, ""in_channels"": 64, ""kernel_size"": [3, 3], ""out_channels"": 64, ""padding"": [1, 1], ""stride"": [1, 1]}",True,36864,176947200,tensor,"[[1, 64, 60, 80]]","[[1, 64, 60, 80]]",7,5.5996,5.6945,0.5097
model.23.cv2.0.1,badac5f330c0bb8c,Conv,"{""class"": ""Conv""}",False,36992,,tensor,"[[1, 64, 60, 80]]","[[1, 64, 60, 80]]",7,6.0018,6.2038,0.4269
model.23.cv2.0.1.conv,7123a330f783f287,Conv2d,"{""class"": ""Conv2d"", ""dilation"": [1, 1], ""groups"": 1, ""in_channels"": 64, ""kernel_size"": [3, 3], ""out_channels"": 64, ""padding"": [1, 1], ""stride"": [1, 1]}",True,36864,176947200,tensor,"[[1, 64, 60, 80]]","[[1, 64, 60, 80]]",7,5.4195,5.6136,0.4362
model.23.cv2.0.2,8509c678becabfbf,Conv2d,"{""class"": ""Conv2d"", ""dilation"": [1, 1], ""groups"": 1, ""in_channels"": 64, ""kernel_size"": [1, 1], ""out_channels"": 64, ""padding"": [0, 0], ""stride"": [1, 1]}",True,4160,19660800,tensor,"[[1, 64, 60, 80]]","[[1, 64, 60, 80]]",7,2.5916,2.5744,0.3555
model.23.cv2.1,2b0e95bfcbd5c89c,Sequential,"{""class"": ""Sequential""}",False,115008,,tensor,"[[1, 128, 30, 40]]","[[1, 64, 30, 40]]",7,5.8186,5.1559,1.2622
model.23.cv2.1.0,badac5f330c0bb8c,Conv,"{""class"": ""Conv""}",False,73856,,tensor,"[[1, 128, 30, 40]]","[[1, 64, 30, 40]]",7,3.4919,3.2013,1.0289
model.23.cv2.1.0.conv,e738866af6faefef,Conv2d,"{""class"": ""Conv2d"", ""dilation"": [1, 1], ""groups"": 1, ""in_channels"": 128, ""kernel_size"": [3, 3], ""out_channels"": 64, ""padding"": [1, 1], ""stride"": [1, 1]}",True,73728,88473600,tensor,"[[1, 128, 30, 40]]","[[1, 64, 30, 40]]",7,3.1626,2.9873,0.7567
model.23.cv2.1.1,badac5f330c0bb8c,Conv,"{""class"": ""Conv""}",False,36992,,tensor,"[[1, 64, 30, 40]]","[[1, 64, 30, 40]]",7,1.5929,1.4526,0.3004
model.23.cv2.1.1.conv,7123a330f783f287,Conv2d,"{""class"": ""Conv2d"", ""dilation"": [1, 1], ""groups"": 1, ""in_channels"": 64, ""kernel_size"": [3, 3], ""out_channels"": 64, ""padding"": [1, 1], ""stride"": [1, 1]}",True,36864,44236800,tensor,"[[1, 64, 30, 40]]","[[1, 64, 30, 40]]",7,1.3881,1.2626,0.278
model.23.cv2.1.2,8509c678becabfbf,Conv2d,"{""class"": ""Conv2d"", ""dilation"": [1, 1], ""groups"": 1, ""in_channels"": 64, ""kernel_size"": [1, 1], ""out_channels"": 64, ""padding"": [0, 0], ""stride"": [1, 1]}",True,4160,4915200,tensor,"[[1, 64, 30, 40]]","[[1, 64, 30, 40]]",7,0.6701,0.7093,0.0887
model.23.cv2.2,2b0e95bfcbd5c89c,Sequential,"{""class"": ""Sequential""}",False,188736,,tensor,"[[1, 256, 15, 20]]","[[1, 64, 15, 20]]",7,3.1035,3.0375,0.2433
model.23.cv2.2.0,badac5f330c0bb8c,Conv,"{""class"": ""Conv""}",False,147584,,tensor,"[[1, 256, 15, 20]]","[[1, 64, 15, 20]]",7,2.0231,2.0467,0.3359
model.23.cv2.2.0.conv,cb3f2f7786092fa1,Conv2d,"{""class"": ""Conv2d"", ""dilation"": [1, 1], ""groups"": 1, ""in_channels"": 256, ""kernel_size"": [3, 3], ""out_channels"": 64, ""padding"": [1, 1], ""stride"": [1, 1]}",True,147456,44236800,tensor,"[[1, 256, 15, 20]]","[[1, 64, 15, 20]]",7,1.8332,1.8666,0.347
model.23.cv2.2.1,badac5f330c0bb8c,Conv,"{""class"": ""Conv""}",False,36992,,tensor,"[[1, 64, 15, 20]]","[[1, 64, 15, 20]]",7,0.8627,0.8261,0.0861
model.23.cv2.2.1.conv,7123a330f783f287,Conv2d,"{""class"": ""Conv2d"", ""dilation"": [1, 1], ""groups"": 1, ""in_channels"": 64, ""kernel_size"": [3, 3], ""out_channels"": 64, ""padding"": [1, 1], ""stride"": [1, 1]}",True,36864,11059200,tensor,"[[1, 64, 15, 20]]","[[1, 64, 15, 20]]",7,0.703,0.6625,0.0812
model.23.cv2.2.2,8509c678becabfbf,Conv2d,"{""class"": ""Conv2d"", ""dilation"": [1, 1], ""groups"": 1, ""in_channels"": 64, ""kernel_size"": [1, 1], ""out_channels"": 64, ""padding"": [0, 0], ""stride"": [1, 1]}",True,4160,1228800,tensor,"[[1, 64, 15, 20]]","[[1, 64, 15, 20]]",7,0.1627,0.1533,0.0357
model.23.cv3.0,2b0e95bfcbd5c89c,Sequential,"{""class"": ""Sequential""}",False,19904,,tensor,"[[1, 64, 60, 80]]","[[1, 80, 60, 80]]",7,17.1831,17.1514,0.2386
model.23.cv3.0.0,2b0e95bfcbd5c89c,Sequential,"{""class"": ""Sequential""}",False,5984,,tensor,"[[1, 64, 60, 80]]","[[1, 80, 60, 80]]",7,6.6904,6.6845,0.2007
model.23.cv3.0.0.0,2188c0829e6d5cd1,DWConv,"{""class"": ""DWConv""}",False,704,,tensor,"[[1, 64, 60, 80]]","[[1, 64, 60, 80]]",7,3.3189,3.4366,0.4202
model.23.cv3.0.0.0.conv,28f8a71deb45c071,Conv2d,"{""class"": ""Conv2d"", ""dilation"": [1, 1], ""groups"": 64, ""in_channels"": 64, ""kernel_size"": [3, 3], ""out_channels"": 64, ""padding"": [1, 1], ""stride"": [1, 1]}",True,576,2764800,tensor,"[[1, 64, 60, 80]]","[[1, 64, 60, 80]]",7,2.801,2.9066,0.4231
model.23.cv3.0.0.1,badac5f330c0bb8c,Conv,"{""class"": ""Conv""}",False,5280,,tensor,"[[1, 64, 60, 80]]","[[1, 80, 60, 80]]",7,3.3239,3.1535,0.3772
model.23.cv3.0.0.1.conv,cc8ea5a806e2feb0,Conv2d,"{""class"": ""Conv2d"", ""dilation"": [1, 1], ""groups"": 1, ""in_channels"": 64, ""kernel_size"": [1, 1], ""out_channels"": 80, ""padding"": [0, 0], ""stride"": [1, 1]}",True,5120,24576000,tensor,"[[1, 64, 60, 80]]","[[1, 80, 60, 80]]",7,2.6117,2.3601,0.3931
model.23.cv3.0.1,2b0e95bfcbd5c89c,Sequential,"{""class"": ""Sequential""}",False,7440,,tensor,"[[1, 80, 60, 80]]","[[1, 80, 60, 80]]",7,7.4854,7.2527,0.3734
model.23.cv3.0.1.0,2188c0829e6d5cd1,DWConv,"{""class"": ""DWConv""}",False,880,,tensor,"[[1, 80, 60, 80]]","[[1, 80, 60, 80]]",7,3.8676,3.9257,0.1416
model.23.cv3.0.1.0.conv,bad3a9a20ad05df8,Conv2d,"{""class"": ""Conv2d"", ""dilation"": [1, 1], ""groups"": 80, ""in_channels"": 80, ""kernel_size"": [3, 3], ""out_channels"": 80, ""padding"": [1, 1], ""stride"": [1, 1]}",True,720,3456000,tensor,"[[1, 80, 60, 80]]","[[1, 80, 60, 80]]",7,3.186,3.22,0.1283
model.23.cv3.0.1.1,badac5f330c0bb8c,Conv,"{""class"": ""Conv""}",False,6560,,tensor,"[[1, 80, 60, 80]]","[[1, 80, 60, 80]]",7,3.5638,3.4839,0.2677
model.23.cv3.0.1.1.conv,a5f3b7a368f1fd18,Conv2d,"{""class"": ""Conv2d"", ""dilation"": [1, 1], ""groups"": 1, ""in_channels"": 80, ""kernel_size"": [1, 1], ""out_channels"": 80, ""padding"": [0, 0], ""stride"": [1, 1]}",True,6400,30720000,tensor,"[[1, 80, 60, 80]]","[[1, 80, 60, 80]]",7,2.7568,2.6443,0.2807
model.23.cv3.0.2,a5f3b7a368f1fd18,Conv2d,"{""class"": ""Conv2d"", ""dilation"": [1, 1], ""groups"": 1, ""in_channels"": 80, ""kernel_size"": [1, 1], ""out_channels"": 80, ""padding"": [0, 0], ""stride"": [1, 1]}",True,6480,30720000,tensor,"[[1, 80, 60, 80]]","[[1, 80, 60, 80]]",7,2.9312,2.7094,0.3668
model.23.cv3.1,2b0e95bfcbd5c89c,Sequential,"{""class"": ""Sequential""}",False,25728,,tensor,"[[1, 128, 30, 40]]","[[1, 80, 30, 40]]",7,6.1996,6.2149,0.1204
model.23.cv3.1.0,2b0e95bfcbd5c89c,Sequential,"{""class"": ""Sequential""}",False,11808,,tensor,"[[1, 128, 30, 40]]","[[1, 80, 30, 40]]",7,3.1937,3.2233,0.2957
model.23.cv3.1.0.0,2188c0829e6d5cd1,DWConv,"{""class"": ""DWConv""}",False,1408,,tensor,"[[1, 128, 30, 40]]","[[1, 128, 30, 40]]",7,1.705,1.6858,0.2969
model.23.cv3.1.0.0.conv,d8b623f69d3ca6d9,Conv2d,"{""class"": ""Conv2d"", ""dilation"": [1, 1], ""groups"": 128, ""in_channels"": 128, ""kernel_size"": [3, 3], ""out_channels"": 128, ""padding"": [1, 1], ""stride"": [1, 1]}",True,1152,1382400,tensor,"[[1, 128, 30, 40]]","[[1, 128, 30, 40]]",7,1.3776,1.3184,0.3141
model.23.cv3.1.0.1,badac5f330c0bb8c,Conv,"{""class"": ""Conv""}",False,10400,,tensor,"[[1, 128, 30, 40]]","[[1, 80, 30, 40]]",7,1.45,1.1902,0.3655
model.23.cv3.1.0.1.conv,32e3e6c6f84c211c,Conv2d,"{""class"": ""Conv2d"", ""dilation"": [1, 1], ""groups"": 1, ""in_channels"": 128, ""kernel_size"": [1, 1], ""out_channels"": 80, ""padding"": [0, 0], ""stride"": [1, 1]}",True,10240,12288000,tensor,"[[1, 128, 30, 40]]","[[1, 80, 30, 40]]",7,1.2195,0.9626,0.3581
model.23.cv3.1.1,2b0e95bfcbd5c89c,Sequential,"{""class"": ""Sequential""}",False,7440,,tensor,"[[1, 80, 30, 40]]","[[1, 80, 30, 40]]",7,2.2365,2.1079,0.3056
model.23.cv3.1.1.0,2188c0829e6d5cd1,DWConv,"{""class"": ""DWConv""}",False,880,,tensor,"[[1, 80, 30, 40]]","[[1, 80, 30, 40]]",7,1.256,1.1656,0.2558
model.23.cv3.1.1.0.conv,bad3a9a20ad05df8,Conv2d,"{""class"": ""Conv2d"", ""dilation"": [1, 1], ""groups"": 80, ""in_channels"": 80, ""kernel_size"": [3, 3], ""out_channels"": 80, ""padding"": [1, 1], ""stride"": [1, 1]}",True,720,864000,tensor,"[[1, 80, 30, 40]]","[[1, 80, 30, 40]]",7,0.8187,0.8396,0.1147
model.23.cv3.1.1.1,badac5f330c0bb8c,Conv,"{""class"": ""Conv""}",False,6560,,tensor,"[[1, 80, 30, 40]]","[[1, 80, 30, 40]]",7,0.9416,0.9531,0.0714
model.23.cv3.1.1.1.conv,a5f3b7a368f1fd18,Conv2d,"{""class"": ""Conv2d"", ""dilation"": [1, 1], ""groups"": 1, ""in_channels"": 80, ""kernel_size"": [1, 1], ""out_channels"": 80, ""padding"": [0, 0], ""stride"": [1, 1]}",True,6400,7680000,tensor,"[[1, 80, 30, 40]]","[[1, 80, 30, 40]]",7,0.7358,0.7381,0.0624
model.23.cv3.1.2,a5f3b7a368f1fd18,Conv2d,"{""class"": ""Conv2d"", ""dilation"": [1, 1], ""groups"": 1, ""in_channels"": 80, ""kernel_size"": [1, 1], ""out_channels"": 80, ""padding"": [0, 0], ""stride"": [1, 1]}",True,6480,7680000,tensor,"[[1, 80, 30, 40]]","[[1, 80, 30, 40]]",7,0.7149,0.692,0.0572
model.23.cv3.2,2b0e95bfcbd5c89c,Sequential,"{""class"": ""Sequential""}",False,37376,,tensor,"[[1, 256, 15, 20]]","[[1, 80, 15, 20]]",7,3.6621,3.8356,0.342
model.23.cv3.2.0,2b0e95bfcbd5c89c,Sequential,"{""class"": ""Sequential""}",False,23456,,tensor,"[[1, 256, 15, 20]]","[[1, 80, 15, 20]]",7,1.9492,1.7949,0.3905
model.23.cv3.2.0.0,2188c0829e6d5cd1,DWConv,"{""class"": ""DWConv""}",False,2816,,tensor,"[[1, 256, 15, 20]]","[[1, 256, 15, 20]]",7,1.12,1.0149,0.3181
model.23.cv3.2.0.0.conv,1f19a8bb82916c1e,Conv2d,"{""class"": ""Conv2d"", ""dilation"": [1, 1], ""groups"": 256, ""in_channels"": 256, ""kernel_size"": [3, 3], ""out_channels"": 256, ""padding"": [1, 1], ""stride"": [1, 1]}",True,2304,691200,tensor,"[[1, 256, 15, 20]]","[[1, 256, 15, 20]]",7,0.9285,0.8099,0.3101
model.23.cv3.2.0.1,badac5f330c0bb8c,Conv,"{""class"": ""Conv""}",False,20640,,tensor,"[[1, 256, 15, 20]]","[[1, 80, 15, 20]]",7,0.7951,0.7228,0.2237
model.23.cv3.2.0.1.conv,5d788137f50eda55,Conv2d,"{""class"": ""Conv2d"", ""dilation"": [1, 1], ""groups"": 1, ""in_channels"": 256, ""kernel_size"": [1, 1], ""out_channels"": 80, ""padding"": [0, 0], ""stride"": [1, 1]}",True,20480,6144000,tensor,"[[1, 256, 15, 20]]","[[1, 80, 15, 20]]",7,0.6399,0.5725,0.2203
model.23.cv3.2.1,2b0e95bfcbd5c89c,Sequential,"{""class"": ""Sequential""}",False,7440,,tensor,"[[1, 80, 15, 20]]","[[1, 80, 15, 20]]",7,1.294,1.0687,0.3705
model.23.cv3.2.1.0,2188c0829e6d5cd1,DWConv,"{""class"": ""DWConv""}",False,880,,tensor,"[[1, 80, 15, 20]]","[[1, 80, 15, 20]]",7,0.7294,0.5411,0.3238
model.23.cv3.2.1.0.conv,bad3a9a20ad05df8,Conv2d,"{""class"": ""Conv2d"", ""dilation"": [1, 1], ""groups"": 80, ""in_channels"": 80, ""kernel_size"": [3, 3], ""out_channels"": 80, ""padding"": [1, 1], ""stride"": [1, 1]}",True,720,216000,tensor,"[[1, 80, 15, 20]]","[[1, 80, 15, 20]]",7,0.5802,0.3984,0.3148
model.23.cv3.2.1.1,badac5f330c0bb8c,Conv,"{""class"": ""Conv""}",False,6560,,tensor,"[[1, 80, 15, 20]]","[[1, 80, 15, 20]]",7,0.5327,0.523,0.05
model.23.cv3.2.1.1.conv,a5f3b7a368f1fd18,Conv2d,"{""class"": ""Conv2d"", ""dilation"": [1, 1], ""groups"": 1, ""in_channels"": 80, ""kernel_size"": [1, 1], ""out_channels"": 80, ""padding"": [0, 0], ""stride"": [1, 1]}",True,6400,1920000,tensor,"[[1, 80, 15, 20]]","[[1, 80, 15, 20]]",7,0.3836,0.3671,0.0397
model.23.cv3.2.2,a5f3b7a368f1fd18,Conv2d,"{""class"": ""Conv2d"", ""dilation"": [1, 1], ""groups"": 1, ""in_channels"": 80, ""kernel_size"": [1, 1], ""out_channels"": 80, ""padding"": [0, 0], ""stride"": [1, 1]}",True,6480,1920000,tensor,"[[1, 80, 15, 20]]","[[1, 80, 15, 20]]",7,0.3736,0.3679,0.0578
model.23.dfl,72e101dbcdb1c173,DFL,"{""class"": ""DFL""}",False,16,,tensor,"[[1, 64, 6300]]","[[1, 4, 6300]]",7,3.3701,3.4817,0.1718
model.23.dfl.conv,c8d53189cd2396c8,Conv2d,"{""class"": ""Conv2d"", ""dilation"": [1, 1], ""groups"": 1, ""in_channels"": 16, ""kernel_size"": [1, 1], ""out_channels"": 1, ""padding"": [0, 0], ""stride"": [1, 1]}",True,16,403200,tensor,"[[1, 16, 4, 6300]]","[[1, 1, 4, 6300]]",7,1.4341,1.3276,0.2914
